Scaffold_name	Bin_name	KO	Abundance
Bin_10_scaffold_10_c1_10	Bin_10	K09800	1
Bin_10_scaffold_10_c1_100	Bin_10	K01126	2
Bin_10_scaffold_10_c1_103	Bin_10	K00616	1
Bin_10_scaffold_10_c1_104	Bin_10	K05539	1
Bin_10_scaffold_10_c1_107	Bin_10	K13936	1
Bin_10_scaffold_10_c1_109	Bin_10	K01885	1
Bin_10_scaffold_10_c1_11	Bin_10	K09807	1
Bin_10_scaffold_10_c1_110	Bin_10	K01737	2
Bin_10_scaffold_10_c1_111	Bin_10	K07141	1
Bin_10_scaffold_10_c1_116	Bin_10	K06972	1
Bin_10_scaffold_10_c1_117	Bin_10	K09773	1
Bin_10_scaffold_10_c1_118	Bin_10	K01007	1
Bin_10_scaffold_10_c1_119	Bin_10	K02553	1
Bin_10_scaffold_10_c1_121	Bin_10	K07184	1
Bin_10_scaffold_10_c1_122	Bin_10	K09780	1
Bin_10_scaffold_10_c1_123	Bin_10	K07053	1
Bin_10_scaffold_10_c1_124	Bin_10	K07039	1
Bin_10_scaffold_10_c1_125	Bin_10	K08300	1
Bin_10_scaffold_10_c1_126	Bin_10	K06179	1
Bin_10_scaffold_10_c1_127	Bin_10	K01091	1
Bin_10_scaffold_10_c1_128	Bin_10	K04773	1
Bin_10_scaffold_10_c1_129	Bin_10	K06287	1
Bin_10_scaffold_10_c1_13	Bin_10	K07010	1
Bin_10_scaffold_10_c1_130	Bin_10	K07040	1
Bin_10_scaffold_10_c1_131	Bin_10	K02911	1
Bin_10_scaffold_10_c1_132	Bin_10	K03621	1
Bin_10_scaffold_10_c1_133	Bin_10	K00645	1
Bin_10_scaffold_10_c1_134	Bin_10	K00059	1
Bin_10_scaffold_10_c1_135	Bin_10	K02078	1
Bin_10_scaffold_10_c1_136	Bin_10	K09458	1
Bin_10_scaffold_10_c1_138	Bin_10	K07082	1
Bin_10_scaffold_10_c1_139	Bin_10	K00943	1
Bin_10_scaffold_10_c1_141	Bin_10	K13821	1
Bin_10_scaffold_10_c1_141	Bin_10	K00318	1
Bin_10_scaffold_10_c1_142	Bin_10	K11928	1
Bin_10_scaffold_10_c1_143	Bin_10	K01682	1
Bin_10_scaffold_10_c1_144	Bin_10	K06169	1
Bin_10_scaffold_10_c1_146	Bin_10	K00528	1
Bin_10_scaffold_10_c1_147	Bin_10	K03297	1
Bin_10_scaffold_10_c1_15	Bin_10	K01356	1
Bin_10_scaffold_10_c1_152	Bin_10	K01126	2
Bin_10_scaffold_10_c1_155	Bin_10	K09969	1
Bin_10_scaffold_10_c1_156	Bin_10	K09970	1
Bin_10_scaffold_10_c1_157	Bin_10	K09971	1
Bin_10_scaffold_10_c1_158	Bin_10	K09972	1
Bin_10_scaffold_10_c1_158	Bin_10	K02028	1
Bin_10_scaffold_10_c1_158	Bin_10	K02030	1
Bin_10_scaffold_10_c1_158	Bin_10	K10822	1
Bin_10_scaffold_10_c1_159	Bin_10	K03269	2
Bin_10_scaffold_10_c1_16	Bin_10	K13053	1
Bin_10_scaffold_10_c1_161	Bin_10	K01886	1
Bin_10_scaffold_10_c1_162	Bin_10	K01883	1
Bin_10_scaffold_10_c1_163	Bin_10	K01638	1
Bin_10_scaffold_10_c1_164	Bin_10	K01491	1
Bin_10_scaffold_10_c1_164	Bin_10	K01262	1
Bin_10_scaffold_10_c1_165	Bin_10	K03545	1
Bin_10_scaffold_10_c1_166	Bin_10	K01358	1
Bin_10_scaffold_10_c1_167	Bin_10	K03544	1
Bin_10_scaffold_10_c1_168	Bin_10	K01338	1
Bin_10_scaffold_10_c1_169	Bin_10	K03530	1
Bin_10_scaffold_10_c1_170	Bin_10	K03770	1
Bin_10_scaffold_10_c1_172	Bin_10	K01200	1
Bin_10_scaffold_10_c1_173	Bin_10	K02024	1
Bin_10_scaffold_10_c1_174	Bin_10	K19337	1
Bin_10_scaffold_10_c1_175	Bin_10	K00036	1
Bin_10_scaffold_10_c1_176	Bin_10	K01057	1
Bin_10_scaffold_10_c1_177	Bin_10	K01625	1
Bin_10_scaffold_10_c1_178	Bin_10	K00873	1
Bin_10_scaffold_10_c1_179	Bin_10	K00134	2
Bin_10_scaffold_10_c1_180	Bin_10	K01690	1
Bin_10_scaffold_10_c1_183	Bin_10	K21929	1
Bin_10_scaffold_10_c1_184	Bin_10	K17321	2
Bin_10_scaffold_10_c1_186	Bin_10	K00111	1
Bin_10_scaffold_10_c1_187	Bin_10	K02444	1
Bin_10_scaffold_10_c1_188	Bin_10	K00864	1
Bin_10_scaffold_10_c1_189	Bin_10	K21405	1
Bin_10_scaffold_10_c1_190	Bin_10	K17324	1
Bin_10_scaffold_10_c1_191	Bin_10	K17325	1
Bin_10_scaffold_10_c1_192	Bin_10	K17322	1
Bin_10_scaffold_10_c1_193	Bin_10	K17323	1
Bin_10_scaffold_10_c1_195	Bin_10	K17321	2
Bin_10_scaffold_10_c1_196	Bin_10	K03406	1
Bin_10_scaffold_10_c1_197	Bin_10	K01689	1
Bin_10_scaffold_10_c1_198	Bin_10	K01803	1
Bin_10_scaffold_10_c1_199	Bin_10	K01999	1
Bin_10_scaffold_10_c1_2	Bin_10	K01959	1
Bin_10_scaffold_10_c1_201	Bin_10	K01176	1
Bin_10_scaffold_10_c1_202	Bin_10	K10108	1
Bin_10_scaffold_10_c1_203	Bin_10	K10109	1
Bin_10_scaffold_10_c1_204	Bin_10	K10110	1
Bin_10_scaffold_10_c1_205	Bin_10	K10111	1
Bin_10_scaffold_10_c1_205	Bin_10	K10112	1
Bin_10_scaffold_10_c1_206	Bin_10	K01187	1
Bin_10_scaffold_10_c1_207	Bin_10	K03734	2
Bin_10_scaffold_10_c1_21	Bin_10	K10941	1
Bin_10_scaffold_10_c1_214	Bin_10	K02199	2
Bin_10_scaffold_10_c1_22	Bin_10	K10942	1
Bin_10_scaffold_10_c1_222	Bin_10	K03561	3
Bin_10_scaffold_10_c1_223	Bin_10	K03559	4
Bin_10_scaffold_10_c1_224	Bin_10	K03559	4
Bin_10_scaffold_10_c1_229	Bin_10	K06204	1
Bin_10_scaffold_10_c1_23	Bin_10	K10943	1
Bin_10_scaffold_10_c1_230	Bin_10	K03556	1
Bin_10_scaffold_10_c1_231	Bin_10	K06992	1
Bin_10_scaffold_10_c1_233	Bin_10	K06076	3
Bin_10_scaffold_10_c1_235	Bin_10	K21478	1
Bin_10_scaffold_10_c1_238	Bin_10	K14058	1
Bin_10_scaffold_10_c1_239	Bin_10	K09792	1
Bin_10_scaffold_10_c1_24	Bin_10	K02408	1
Bin_10_scaffold_10_c1_241	Bin_10	K01533	1
Bin_10_scaffold_10_c1_242	Bin_10	K09926	1
Bin_10_scaffold_10_c1_244	Bin_10	K00406	1
Bin_10_scaffold_10_c1_245	Bin_10	K00407	1
Bin_10_scaffold_10_c1_246	Bin_10	K00405	1
Bin_10_scaffold_10_c1_247	Bin_10	K00404	1
Bin_10_scaffold_10_c1_248	Bin_10	K07020	1
Bin_10_scaffold_10_c1_249	Bin_10	K20971	1
Bin_10_scaffold_10_c1_25	Bin_10	K02409	1
Bin_10_scaffold_10_c1_250	Bin_10	K06968	1
Bin_10_scaffold_10_c1_252	Bin_10	K04085	2
Bin_10_scaffold_10_c1_253	Bin_10	K04084	1
Bin_10_scaffold_10_c1_254	Bin_10	K09906	1
Bin_10_scaffold_10_c1_255	Bin_10	K03732	1
Bin_10_scaffold_10_c1_256	Bin_10	K03473	1
Bin_10_scaffold_10_c1_257	Bin_10	K03799	1
Bin_10_scaffold_10_c1_259	Bin_10	K14260	1
Bin_10_scaffold_10_c1_26	Bin_10	K02410	1
Bin_10_scaffold_10_c1_260	Bin_10	K00432	1
Bin_10_scaffold_10_c1_261	Bin_10	K23775	1
Bin_10_scaffold_10_c1_262	Bin_10	K20973	1
Bin_10_scaffold_10_c1_264	Bin_10	K18297	1
Bin_10_scaffold_10_c1_266	Bin_10	K18850	1
Bin_10_scaffold_10_c1_267	Bin_10	K01756	1
Bin_10_scaffold_10_c1_268	Bin_10	K07153	1
Bin_10_scaffold_10_c1_269	Bin_10	K00566	1
Bin_10_scaffold_10_c1_27	Bin_10	K02411	1
Bin_10_scaffold_10_c1_270	Bin_10	K12152	1
Bin_10_scaffold_10_c1_271	Bin_10	K06181	1
Bin_10_scaffold_10_c1_272	Bin_10	K03704	2
Bin_10_scaffold_10_c1_273	Bin_10	K06891	1
Bin_10_scaffold_10_c1_274	Bin_10	K03694	1
Bin_10_scaffold_10_c1_276	Bin_10	K02518	1
Bin_10_scaffold_10_c1_277	Bin_10	K21420	1
Bin_10_scaffold_10_c1_278	Bin_10	K00684	1
Bin_10_scaffold_10_c1_279	Bin_10	K00384	1
Bin_10_scaffold_10_c1_28	Bin_10	K02412	1
Bin_10_scaffold_10_c1_280	Bin_10	K03924	2
Bin_10_scaffold_10_c1_281	Bin_10	K12251	1
Bin_10_scaffold_10_c1_282	Bin_10	K10536	1
Bin_10_scaffold_10_c1_285	Bin_10	K09808	1
Bin_10_scaffold_10_c1_285	Bin_10	K02004	1
Bin_10_scaffold_10_c1_286	Bin_10	K09810	1
Bin_10_scaffold_10_c1_287	Bin_10	K09928	1
Bin_10_scaffold_10_c1_288	Bin_10	K02238	1
Bin_10_scaffold_10_c1_289	Bin_10	K03561	3
Bin_10_scaffold_10_c1_29	Bin_10	K02413	1
Bin_10_scaffold_10_c1_290	Bin_10	K03559	4
Bin_10_scaffold_10_c1_291	Bin_10	K11085	1
Bin_10_scaffold_10_c1_291	Bin_10	K06147	1
Bin_10_scaffold_10_c1_292	Bin_10	K00912	1
Bin_10_scaffold_10_c1_293	Bin_10	K09791	1
Bin_10_scaffold_10_c1_294	Bin_10	K00979	1
Bin_10_scaffold_10_c1_295	Bin_10	K01104	1
Bin_10_scaffold_10_c1_296	Bin_10	K00075	1
Bin_10_scaffold_10_c1_297	Bin_10	K01881	1
Bin_10_scaffold_10_c1_3	Bin_10	K01960	1
Bin_10_scaffold_10_c1_30	Bin_10	K20978	1
Bin_10_scaffold_10_c1_30	Bin_10	K04749	1
Bin_10_scaffold_10_c1_300	Bin_10	K03719	1
Bin_10_scaffold_10_c1_301	Bin_10	K01649	1
Bin_10_scaffold_10_c1_302	Bin_10	K03704	2
Bin_10_scaffold_10_c1_303	Bin_10	K01908	1
Bin_10_scaffold_10_c1_304	Bin_10	K03601	1
Bin_10_scaffold_10_c1_305	Bin_10	K00088	1
Bin_10_scaffold_10_c1_306	Bin_10	K01951	1
Bin_10_scaffold_10_c1_306	Bin_10	K03790	1
Bin_10_scaffold_10_c1_307	Bin_10	K18235	1
Bin_10_scaffold_10_c1_308	Bin_10	K11991	1
Bin_10_scaffold_10_c1_309	Bin_10	K01784	1
Bin_10_scaffold_10_c1_31	Bin_10	K20977	1
Bin_10_scaffold_10_c1_310	Bin_10	K00012	1
Bin_10_scaffold_10_c1_312	Bin_10	K22105	1
Bin_10_scaffold_10_c1_313	Bin_10	K01876	1
Bin_10_scaffold_10_c1_314	Bin_10	K18189	1
Bin_10_scaffold_10_c1_315	Bin_10	K01159	1
Bin_10_scaffold_10_c1_316	Bin_10	K03550	1
Bin_10_scaffold_10_c1_317	Bin_10	K03551	1
Bin_10_scaffold_10_c1_318	Bin_10	K07107	1
Bin_10_scaffold_10_c1_319	Bin_10	K03562	1
Bin_10_scaffold_10_c1_319	Bin_10	K03561	3
Bin_10_scaffold_10_c1_32	Bin_10	K20976	1
Bin_10_scaffold_10_c1_320	Bin_10	K03560	1
Bin_10_scaffold_10_c1_320	Bin_10	K03559	4
Bin_10_scaffold_10_c1_321	Bin_10	K03646	1
Bin_10_scaffold_10_c1_322	Bin_10	K03641	1
Bin_10_scaffold_10_c1_323	Bin_10	K03640	1
Bin_10_scaffold_10_c1_325	Bin_10	K03517	1
Bin_10_scaffold_10_c1_326	Bin_10	K01423	1
Bin_10_scaffold_10_c1_328	Bin_10	K04085	2
Bin_10_scaffold_10_c1_329	Bin_10	K03548	1
Bin_10_scaffold_10_c1_33	Bin_10	K02414	1
Bin_10_scaffold_10_c1_330	Bin_10	K03564	1
Bin_10_scaffold_10_c1_331	Bin_10	K01714	1
Bin_10_scaffold_10_c1_332	Bin_10	K07287	1
Bin_10_scaffold_10_c1_333	Bin_10	K01923	1
Bin_10_scaffold_10_c1_335	Bin_10	K08679	1
Bin_10_scaffold_10_c1_34	Bin_10	K02415	1
Bin_10_scaffold_10_c1_343	Bin_10	K01737	2
Bin_10_scaffold_10_c1_345	Bin_10	K07027	1
Bin_10_scaffold_10_c1_35	Bin_10	K02416	1
Bin_10_scaffold_10_c1_350	Bin_10	K03670	2
Bin_10_scaffold_10_c1_352	Bin_10	K03669	1
Bin_10_scaffold_10_c1_353	Bin_10	K03670	2
Bin_10_scaffold_10_c1_355	Bin_10	K03417	1
Bin_10_scaffold_10_c1_356	Bin_10	K01659	1
Bin_10_scaffold_10_c1_357	Bin_10	K20455	1
Bin_10_scaffold_10_c1_358	Bin_10	K09788	1
Bin_10_scaffold_10_c1_36	Bin_10	K02417	1
Bin_10_scaffold_10_c1_360	Bin_10	K01720	1
Bin_10_scaffold_10_c1_364	Bin_10	K01991	1
Bin_10_scaffold_10_c1_368	Bin_10	K22278	1
Bin_10_scaffold_10_c1_37	Bin_10	K02418	1
Bin_10_scaffold_10_c1_373	Bin_10	K01912	1
Bin_10_scaffold_10_c1_374	Bin_10	K12988	1
Bin_10_scaffold_10_c1_379	Bin_10	K18814	1
Bin_10_scaffold_10_c1_38	Bin_10	K02419	1
Bin_10_scaffold_10_c1_382	Bin_10	K04618	1
Bin_10_scaffold_10_c1_383	Bin_10	K00428	1
Bin_10_scaffold_10_c1_385	Bin_10	K16562	1
Bin_10_scaffold_10_c1_39	Bin_10	K02420	1
Bin_10_scaffold_10_c1_391	Bin_10	K02481	1
Bin_10_scaffold_10_c1_395	Bin_10	K01792	1
Bin_10_scaffold_10_c1_396	Bin_10	K07394	1
Bin_10_scaffold_10_c1_397	Bin_10	K02343	1
Bin_10_scaffold_10_c1_398	Bin_10	K09747	1
Bin_10_scaffold_10_c1_399	Bin_10	K06187	1
Bin_10_scaffold_10_c1_40	Bin_10	K02421	1
Bin_10_scaffold_10_c1_400	Bin_10	K03684	1
Bin_10_scaffold_10_c1_401	Bin_10	K09902	1
Bin_10_scaffold_10_c1_402	Bin_10	K09160	1
Bin_10_scaffold_10_c1_41	Bin_10	K02401	1
Bin_10_scaffold_10_c1_43	Bin_10	K02824	1
Bin_10_scaffold_10_c1_45	Bin_10	K02400	1
Bin_10_scaffold_10_c1_46	Bin_10	K02404	1
Bin_10_scaffold_10_c1_47	Bin_10	K04562	1
Bin_10_scaffold_10_c1_48	Bin_10	K02405	1
Bin_10_scaffold_10_c1_49	Bin_10	K03413	1
Bin_10_scaffold_10_c1_5	Bin_10	K01426	1
Bin_10_scaffold_10_c1_50	Bin_10	K03414	1
Bin_10_scaffold_10_c1_51	Bin_10	K03407	1
Bin_10_scaffold_10_c1_52	Bin_10	K03412	1
Bin_10_scaffold_10_c1_53	Bin_10	K02556	1
Bin_10_scaffold_10_c1_54	Bin_10	K02557	1
Bin_10_scaffold_10_c1_55	Bin_10	K03496	1
Bin_10_scaffold_10_c1_57	Bin_10	K03408	1
Bin_10_scaffold_10_c1_59	Bin_10	K04061	1
Bin_10_scaffold_10_c1_61	Bin_10	K02193	1
Bin_10_scaffold_10_c1_62	Bin_10	K02194	1
Bin_10_scaffold_10_c1_63	Bin_10	K02195	1
Bin_10_scaffold_10_c1_64	Bin_10	K02196	1
Bin_10_scaffold_10_c1_65	Bin_10	K02197	1
Bin_10_scaffold_10_c1_66	Bin_10	K02198	1
Bin_10_scaffold_10_c1_67	Bin_10	K02199	2
Bin_10_scaffold_10_c1_68	Bin_10	K02200	1
Bin_10_scaffold_10_c1_71	Bin_10	K07114	2
Bin_10_scaffold_10_c1_72	Bin_10	K07114	2
Bin_10_scaffold_10_c1_75	Bin_10	K03924	2
Bin_10_scaffold_10_c1_76	Bin_10	K15371	1
Bin_10_scaffold_10_c1_77	Bin_10	K01673	1
Bin_10_scaffold_10_c1_79	Bin_10	K00564	2
Bin_10_scaffold_10_c1_80	Bin_10	K03269	2
Bin_10_scaffold_10_c1_81	Bin_10	K11391	1
Bin_10_scaffold_10_c1_81	Bin_10	K00564	2
Bin_10_scaffold_10_c1_82	Bin_10	K00793	1
Bin_10_scaffold_10_c1_86	Bin_10	K16052	1
Bin_10_scaffold_10_c1_87	Bin_10	K19696	1
Bin_10_scaffold_10_c1_89	Bin_10	K03723	1
Bin_10_scaffold_10_c1_9	Bin_10	K07278	1
Bin_10_scaffold_10_c1_90	Bin_10	K00134	2
Bin_10_scaffold_10_c1_91	Bin_10	K00346	1
Bin_10_scaffold_10_c1_92	Bin_10	K00347	1
Bin_10_scaffold_10_c1_93	Bin_10	K00348	1
Bin_10_scaffold_10_c1_94	Bin_10	K00349	1
Bin_10_scaffold_10_c1_95	Bin_10	K00350	1
Bin_10_scaffold_10_c1_96	Bin_10	K00351	1
Bin_10_scaffold_10_c1_97	Bin_10	K03734	2
Bin_10_scaffold_10_c1_98	Bin_10	K05952	1
Bin_10_scaffold_10_c1_99	Bin_10	K00322	1
Bin_10_scaffold_1043_c1_2	Bin_10	K06076	3
Bin_10_scaffold_1043_c1_4	Bin_10	K06076	3
Bin_10_scaffold_133_c1_10	Bin_10	K01571	1
Bin_10_scaffold_133_c1_11	Bin_10	K01573	1
Bin_10_scaffold_133_c1_12	Bin_10	K05591	1
Bin_10_scaffold_133_c1_13	Bin_10	K09912	1
Bin_10_scaffold_133_c1_14	Bin_10	K03563	1
Bin_10_scaffold_133_c1_15	Bin_10	K00928	1
Bin_10_scaffold_133_c1_16	Bin_10	K01872	1
Bin_10_scaffold_133_c1_18	Bin_10	K11720	1
Bin_10_scaffold_133_c1_19	Bin_10	K07091	1
Bin_10_scaffold_133_c1_20	Bin_10	K01255	1
Bin_12_scaffold_14_c1_108	Bin_12	K02478	1
Bin_12_scaffold_14_c1_111	Bin_12	K22205	1
Bin_12_scaffold_14_c1_112	Bin_12	K06217	1
Bin_12_scaffold_14_c1_115	Bin_12	K01923	1
Bin_12_scaffold_14_c1_117	Bin_12	K03310	1
Bin_12_scaffold_14_c1_118	Bin_12	K06123	1
Bin_12_scaffold_14_c1_119	Bin_12	K00616	1
Bin_12_scaffold_14_c1_127	Bin_12	K22757	1
Bin_12_scaffold_14_c1_128	Bin_12	K14652	1
Bin_12_scaffold_14_c1_129	Bin_12	K07091	1
Bin_12_scaffold_14_c1_13	Bin_12	K02909	1
Bin_12_scaffold_14_c1_130	Bin_12	K03634	1
Bin_12_scaffold_14_c1_131	Bin_12	K03466	1
Bin_12_scaffold_14_c1_133	Bin_12	K11065	1
Bin_12_scaffold_14_c1_134	Bin_12	K03386	1
Bin_12_scaffold_14_c1_135	Bin_12	K03315	1
Bin_12_scaffold_14_c1_137	Bin_12	K01761	1
Bin_12_scaffold_14_c1_138	Bin_12	K03719	2
Bin_12_scaffold_14_c1_139	Bin_12	K07052	3
Bin_12_scaffold_14_c1_141	Bin_12	K18889	1
Bin_12_scaffold_14_c1_142	Bin_12	K00263	1
Bin_12_scaffold_14_c1_143	Bin_12	K03625	1
Bin_12_scaffold_14_c1_145	Bin_12	K03210	1
Bin_12_scaffold_14_c1_147	Bin_12	K02825	1
Bin_12_scaffold_14_c1_148	Bin_12	K00609	1
Bin_12_scaffold_14_c1_15	Bin_12	K07165	1
Bin_12_scaffold_14_c1_150	Bin_12	K00784	1
Bin_12_scaffold_14_c1_152	Bin_12	K00275	1
Bin_12_scaffold_14_c1_153	Bin_12	K08296	1
Bin_12_scaffold_14_c1_154	Bin_12	K00937	1
Bin_12_scaffold_14_c1_155	Bin_12	K01524	1
Bin_12_scaffold_14_c1_157	Bin_12	K06169	1
Bin_12_scaffold_14_c1_158	Bin_12	K02343	1
Bin_12_scaffold_14_c1_16	Bin_12	K03088	4
Bin_12_scaffold_14_c1_160	Bin_12	K00382	1
Bin_12_scaffold_14_c1_162	Bin_12	K07397	1
Bin_12_scaffold_14_c1_163	Bin_12	K07148	1
Bin_12_scaffold_14_c1_165	Bin_12	K18578	1
Bin_12_scaffold_14_c1_168	Bin_12	K03405	1
Bin_12_scaffold_14_c1_170	Bin_12	K00759	1
Bin_12_scaffold_14_c1_171	Bin_12	K01286	2
Bin_12_scaffold_14_c1_173	Bin_12	K01247	1
Bin_12_scaffold_14_c1_179	Bin_12	K02199	2
Bin_12_scaffold_14_c1_180	Bin_12	K02172	1
Bin_12_scaffold_14_c1_181	Bin_12	K02171	1
Bin_12_scaffold_14_c1_182	Bin_12	K01417	1
Bin_12_scaffold_14_c1_182	Bin_12	K20276	1
Bin_12_scaffold_14_c1_185	Bin_12	K01697	2
Bin_12_scaffold_14_c1_189	Bin_12	K12410	1
Bin_12_scaffold_14_c1_19	Bin_12	K03106	1
Bin_12_scaffold_14_c1_190	Bin_12	K00556	1
Bin_12_scaffold_14_c1_192	Bin_12	K06996	1
Bin_12_scaffold_14_c1_194	Bin_12	K05592	1
Bin_12_scaffold_14_c1_195	Bin_12	K02428	1
Bin_12_scaffold_14_c1_197	Bin_12	K00783	1
Bin_12_scaffold_14_c1_198	Bin_12	K00767	1
Bin_12_scaffold_14_c1_199	Bin_12	K07058	1
Bin_12_scaffold_14_c1_2	Bin_12	K03500	1
Bin_12_scaffold_14_c1_20	Bin_12	K01491	1
Bin_12_scaffold_14_c1_202	Bin_12	K04066	1
Bin_12_scaffold_14_c1_203	Bin_12	K02477	2
Bin_12_scaffold_14_c1_205	Bin_12	K02990	1
Bin_12_scaffold_14_c1_206	Bin_12	K02963	1
Bin_12_scaffold_14_c1_207	Bin_12	K02939	1
Bin_12_scaffold_14_c1_209	Bin_12	K10773	1
Bin_12_scaffold_14_c1_210	Bin_12	K03564	1
Bin_12_scaffold_14_c1_216	Bin_12	K06167	1
Bin_12_scaffold_14_c1_218	Bin_12	K06999	1
Bin_12_scaffold_14_c1_22	Bin_12	K00886	1
Bin_12_scaffold_14_c1_224	Bin_12	K09810	1
Bin_12_scaffold_14_c1_224	Bin_12	K02003	1
Bin_12_scaffold_14_c1_226	Bin_12	K07304	1
Bin_12_scaffold_14_c1_227	Bin_12	K01495	1
Bin_12_scaffold_14_c1_229	Bin_12	K01745	1
Bin_12_scaffold_14_c1_23	Bin_12	K06991	1
Bin_12_scaffold_14_c1_233	Bin_12	K03696	1
Bin_12_scaffold_14_c1_234	Bin_12	K02469	1
Bin_12_scaffold_14_c1_236	Bin_12	K20742	1
Bin_12_scaffold_14_c1_237	Bin_12	K00626	1
Bin_12_scaffold_14_c1_238	Bin_12	K07037	1
Bin_12_scaffold_14_c1_239	Bin_12	K11381	1
Bin_12_scaffold_14_c1_24	Bin_12	K01286	2
Bin_12_scaffold_14_c1_243	Bin_12	K03701	1
Bin_12_scaffold_14_c1_245	Bin_12	K09761	1
Bin_12_scaffold_14_c1_246	Bin_12	K01409	1
Bin_12_scaffold_14_c1_247	Bin_12	K09800	1
Bin_12_scaffold_14_c1_248	Bin_12	K00850	1
Bin_12_scaffold_14_c1_249	Bin_12	K00134	1
Bin_12_scaffold_14_c1_251	Bin_12	K09022	2
Bin_12_scaffold_14_c1_252	Bin_12	K04744	1
Bin_12_scaffold_14_c1_253	Bin_12	K01448	1
Bin_12_scaffold_14_c1_254	Bin_12	K02067	1
Bin_12_scaffold_14_c1_258	Bin_12	K08264	1
Bin_12_scaffold_14_c1_260	Bin_12	K01207	1
Bin_12_scaffold_14_c1_261	Bin_12	K00754	1
Bin_12_scaffold_14_c1_266	Bin_12	K01736	1
Bin_12_scaffold_14_c1_269	Bin_12	K01920	1
Bin_12_scaffold_14_c1_272	Bin_12	K09973	1
Bin_12_scaffold_14_c1_274	Bin_12	K07456	1
Bin_12_scaffold_14_c1_275	Bin_12	K03648	1
Bin_12_scaffold_14_c1_278	Bin_12	K00757	1
Bin_12_scaffold_14_c1_28	Bin_12	K06915	1
Bin_12_scaffold_14_c1_280	Bin_12	K03113	1
Bin_12_scaffold_14_c1_287	Bin_12	K01273	1
Bin_12_scaffold_14_c1_29	Bin_12	K09022	2
Bin_12_scaffold_14_c1_292	Bin_12	K03718	1
Bin_12_scaffold_14_c1_295	Bin_12	K01735	1
Bin_12_scaffold_14_c1_296	Bin_12	K00318	1
Bin_12_scaffold_14_c1_298	Bin_12	K00259	1
Bin_12_scaffold_14_c1_301	Bin_12	K06925	1
Bin_12_scaffold_14_c1_304	Bin_12	K06885	1
Bin_12_scaffold_14_c1_305	Bin_12	K02536	2
Bin_12_scaffold_14_c1_306	Bin_12	K16363	1
Bin_12_scaffold_14_c1_306	Bin_12	K02372	1
Bin_12_scaffold_14_c1_307	Bin_12	K00677	1
Bin_12_scaffold_14_c1_308	Bin_12	K02356	1
Bin_12_scaffold_14_c1_309	Bin_12	K02536	2
Bin_12_scaffold_14_c1_311	Bin_12	K01902	1
Bin_12_scaffold_14_c1_312	Bin_12	K00059	1
Bin_12_scaffold_14_c1_318	Bin_12	K00765	1
Bin_12_scaffold_14_c1_319	Bin_12	K00013	1
Bin_12_scaffold_14_c1_320	Bin_12	K00817	1
Bin_12_scaffold_14_c1_321	Bin_12	K01089	1
Bin_12_scaffold_14_c1_322	Bin_12	K02501	1
Bin_12_scaffold_14_c1_323	Bin_12	K01814	1
Bin_12_scaffold_14_c1_325	Bin_12	K02500	1
Bin_12_scaffold_14_c1_326	Bin_12	K11755	1
Bin_12_scaffold_14_c1_329	Bin_12	K09977	1
Bin_12_scaffold_14_c1_331	Bin_12	K06173	2
Bin_12_scaffold_14_c1_338	Bin_12	K00033	1
Bin_12_scaffold_14_c1_338	Bin_12	K00851	1
Bin_12_scaffold_14_c1_339	Bin_12	K06156	1
Bin_12_scaffold_14_c1_339	Bin_12	K03299	1
Bin_12_scaffold_14_c1_34	Bin_12	K03719	2
Bin_12_scaffold_14_c1_350	Bin_12	K01595	1
Bin_12_scaffold_14_c1_353	Bin_12	K21552	1
Bin_12_scaffold_14_c1_354	Bin_12	K07552	1
Bin_12_scaffold_14_c1_357	Bin_12	K07090	2
Bin_12_scaffold_14_c1_359	Bin_12	K07001	1
Bin_12_scaffold_14_c1_361	Bin_12	K09808	2
Bin_12_scaffold_14_c1_361	Bin_12	K02004	2
Bin_12_scaffold_14_c1_367	Bin_12	K03784	1
Bin_12_scaffold_14_c1_368	Bin_12	K01619	1
Bin_12_scaffold_14_c1_369	Bin_12	K03671	1
Bin_12_scaffold_14_c1_376	Bin_12	K11932	1
Bin_12_scaffold_14_c1_38	Bin_12	K18199	1
Bin_12_scaffold_14_c1_382	Bin_12	K07448	1
Bin_12_scaffold_14_c1_383	Bin_12	K07576	1
Bin_12_scaffold_14_c1_386	Bin_12	K03778	1
Bin_12_scaffold_14_c1_389	Bin_12	K15862	1
Bin_12_scaffold_14_c1_390	Bin_12	K00407	1
Bin_12_scaffold_14_c1_391	Bin_12	K00406	1
Bin_12_scaffold_14_c1_394	Bin_12	K09792	1
Bin_12_scaffold_14_c1_396	Bin_12	K02495	1
Bin_12_scaffold_14_c1_398	Bin_12	K06330	1
Bin_12_scaffold_14_c1_40	Bin_12	K05349	1
Bin_12_scaffold_14_c1_401	Bin_12	K01990	2
Bin_12_scaffold_14_c1_403	Bin_12	K02477	2
Bin_12_scaffold_14_c1_41	Bin_12	K06199	1
Bin_12_scaffold_14_c1_410	Bin_12	K13979	1
Bin_12_scaffold_14_c1_411	Bin_12	K04063	1
Bin_12_scaffold_14_c1_412	Bin_12	K10680	1
Bin_12_scaffold_14_c1_416	Bin_12	K01061	1
Bin_12_scaffold_14_c1_418	Bin_12	K11941	1
Bin_12_scaffold_14_c1_42	Bin_12	K01023	1
Bin_12_scaffold_14_c1_421	Bin_12	K00433	1
Bin_12_scaffold_14_c1_438	Bin_12	K01302	1
Bin_12_scaffold_14_c1_44	Bin_12	K01277	1
Bin_12_scaffold_14_c1_440	Bin_12	K02342	1
Bin_12_scaffold_14_c1_442	Bin_12	K06970	1
Bin_12_scaffold_14_c1_444	Bin_12	K06181	1
Bin_12_scaffold_14_c1_446	Bin_12	K06147	2
Bin_12_scaffold_14_c1_447	Bin_12	K03530	1
Bin_12_scaffold_14_c1_451	Bin_12	K22684	1
Bin_12_scaffold_14_c1_46	Bin_12	K09774	1
Bin_12_scaffold_14_c1_461	Bin_12	K12373	1
Bin_12_scaffold_14_c1_462	Bin_12	K06969	1
Bin_12_scaffold_14_c1_463	Bin_12	K08641	1
Bin_12_scaffold_14_c1_47	Bin_12	K01939	1
Bin_12_scaffold_14_c1_49	Bin_12	K01139	1
Bin_12_scaffold_14_c1_50	Bin_12	K07301	1
Bin_12_scaffold_14_c1_51	Bin_12	K03270	1
Bin_12_scaffold_14_c1_55	Bin_12	K01679	1
Bin_12_scaffold_14_c1_6	Bin_12	K03088	4
Bin_12_scaffold_14_c1_61	Bin_12	K07705	1
Bin_12_scaffold_14_c1_63	Bin_12	K04565	1
Bin_12_scaffold_14_c1_68	Bin_12	K00537	1
Bin_12_scaffold_14_c1_7	Bin_12	K11085	1
Bin_12_scaffold_14_c1_70	Bin_12	K02836	1
Bin_12_scaffold_14_c1_72	Bin_12	K01620	1
Bin_12_scaffold_14_c1_73	Bin_12	K03286	1
Bin_12_scaffold_14_c1_74	Bin_12	K07052	3
Bin_12_scaffold_14_c1_75	Bin_12	K01951	1
Bin_12_scaffold_14_c1_75	Bin_12	K03790	1
Bin_12_scaffold_14_c1_78	Bin_12	K09924	1
Bin_12_scaffold_14_c1_80	Bin_12	K06940	1
Bin_12_scaffold_14_c1_81	Bin_12	K03088	4
Bin_12_scaffold_14_c1_85	Bin_12	K03321	1
Bin_12_scaffold_14_c1_86	Bin_12	K11927	1
Bin_12_scaffold_14_c1_88	Bin_12	K01586	1
Bin_12_scaffold_14_c1_91	Bin_12	K06911	1
Bin_12_scaffold_14_c1_92	Bin_12	K09747	1
Bin_12_scaffold_14_c1_93	Bin_12	K01354	1
Bin_12_scaffold_14_c1_94	Bin_12	K01697	2
Bin_12_scaffold_14_c1_96	Bin_12	K02199	2
Bin_12_scaffold_14_c1_98	Bin_12	K06950	1
Bin_12_scaffold_21_c1_10	Bin_12	K06891	1
Bin_12_scaffold_21_c1_103	Bin_12	K00208	1
Bin_12_scaffold_21_c1_104	Bin_12	K03631	1
Bin_12_scaffold_21_c1_106	Bin_12	K13038	1
Bin_12_scaffold_21_c1_108	Bin_12	K05807	1
Bin_12_scaffold_21_c1_109	Bin_12	K01714	1
Bin_12_scaffold_21_c1_11	Bin_12	K01903	1
Bin_12_scaffold_21_c1_114	Bin_12	K01972	1
Bin_12_scaffold_21_c1_115	Bin_12	K22522	1
Bin_12_scaffold_21_c1_116	Bin_12	K02493	1
Bin_12_scaffold_21_c1_117	Bin_12	K03828	1
Bin_12_scaffold_21_c1_118	Bin_12	K11752	1
Bin_12_scaffold_21_c1_121	Bin_12	K07107	1
Bin_12_scaffold_21_c1_122	Bin_12	K02313	1
Bin_12_scaffold_21_c1_123	Bin_12	K07095	1
Bin_12_scaffold_21_c1_124	Bin_12	K06173	2
Bin_12_scaffold_21_c1_125	Bin_12	K18890	1
Bin_12_scaffold_21_c1_125	Bin_12	K06147	2
Bin_12_scaffold_21_c1_129	Bin_12	K18672	1
Bin_12_scaffold_21_c1_133	Bin_12	K04079	1
Bin_12_scaffold_21_c1_139	Bin_12	K23684	1
Bin_12_scaffold_21_c1_14	Bin_12	K03088	4
Bin_12_scaffold_21_c1_140	Bin_12	K06207	1
Bin_12_scaffold_21_c1_141	Bin_12	K01887	1
Bin_12_scaffold_21_c1_144	Bin_12	K09808	2
Bin_12_scaffold_21_c1_144	Bin_12	K02004	2
Bin_12_scaffold_21_c1_146	Bin_12	K03797	1
Bin_12_scaffold_21_c1_149	Bin_12	K02016	1
Bin_12_scaffold_21_c1_150	Bin_12	K02015	1
Bin_12_scaffold_21_c1_152	Bin_12	K09760	1
Bin_12_scaffold_21_c1_155	Bin_12	K06867	2
Bin_12_scaffold_21_c1_158	Bin_12	K02914	1
Bin_12_scaffold_21_c1_162	Bin_12	K07090	2
Bin_12_scaffold_21_c1_163	Bin_12	K08307	1
Bin_12_scaffold_21_c1_166	Bin_12	K18707	1
Bin_12_scaffold_21_c1_167	Bin_12	K02035	1
Bin_12_scaffold_21_c1_171	Bin_12	K09940	1
Bin_12_scaffold_21_c1_172	Bin_12	K10947	1
Bin_12_scaffold_21_c1_173	Bin_12	K03973	1
Bin_12_scaffold_21_c1_173	Bin_12	K01992	1
Bin_12_scaffold_21_c1_176	Bin_12	K21162	1
Bin_12_scaffold_21_c1_177	Bin_12	K00384	1
Bin_12_scaffold_21_c1_178	Bin_12	K21430	1
Bin_12_scaffold_21_c1_182	Bin_12	K01278	1
Bin_12_scaffold_21_c1_185	Bin_12	K18201	1
Bin_12_scaffold_21_c1_186	Bin_12	K07052	3
Bin_12_scaffold_21_c1_187	Bin_12	K06867	2
Bin_12_scaffold_21_c1_19	Bin_12	K03437	2
Bin_12_scaffold_21_c1_193	Bin_12	K21401	1
Bin_12_scaffold_21_c1_196	Bin_12	K00876	1
Bin_12_scaffold_21_c1_2	Bin_12	K00796	1
Bin_12_scaffold_21_c1_200	Bin_12	K01847	1
Bin_12_scaffold_21_c1_203	Bin_12	K03496	1
Bin_12_scaffold_21_c1_204	Bin_12	K03497	1
Bin_12_scaffold_21_c1_206	Bin_12	K00215	1
Bin_12_scaffold_21_c1_207	Bin_12	K03100	1
Bin_12_scaffold_21_c1_209	Bin_12	K18353	1
Bin_12_scaffold_21_c1_212	Bin_12	K03572	1
Bin_12_scaffold_21_c1_214	Bin_12	K00794	1
Bin_12_scaffold_21_c1_216	Bin_12	K03629	1
Bin_12_scaffold_21_c1_219	Bin_12	K15973	1
Bin_12_scaffold_21_c1_221	Bin_12	K01657	1
Bin_12_scaffold_21_c1_222	Bin_12	K01658	1
Bin_12_scaffold_21_c1_224	Bin_12	K00766	1
Bin_12_scaffold_21_c1_225	Bin_12	K01609	1
Bin_12_scaffold_21_c1_227	Bin_12	K01696	1
Bin_12_scaffold_21_c1_228	Bin_12	K01695	1
Bin_12_scaffold_21_c1_230	Bin_12	K00954	1
Bin_12_scaffold_21_c1_231	Bin_12	K01921	1
Bin_12_scaffold_21_c1_233	Bin_12	K06180	1
Bin_12_scaffold_21_c1_236	Bin_12	K03498	1
Bin_12_scaffold_21_c1_237	Bin_12	K03499	1
Bin_12_scaffold_21_c1_238	Bin_12	K03183	1
Bin_12_scaffold_21_c1_240	Bin_12	K03437	2
Bin_12_scaffold_21_c1_242	Bin_12	K01624	1
Bin_12_scaffold_21_c1_243	Bin_12	K01963	1
Bin_12_scaffold_21_c1_244	Bin_12	K02523	1
Bin_12_scaffold_21_c1_246	Bin_12	K06941	1
Bin_12_scaffold_21_c1_247	Bin_12	K07568	1
Bin_12_scaffold_21_c1_248	Bin_12	K00800	1
Bin_12_scaffold_21_c1_255	Bin_12	K07560	1
Bin_12_scaffold_21_c1_256	Bin_12	K06949	1
Bin_12_scaffold_21_c1_258	Bin_12	K04516	1
Bin_12_scaffold_21_c1_259	Bin_12	K04517	1
Bin_12_scaffold_21_c1_261	Bin_12	K04518	1
Bin_12_scaffold_21_c1_262	Bin_12	K01990	2
Bin_12_scaffold_21_c1_266	Bin_12	K00869	1
Bin_12_scaffold_21_c1_268	Bin_12	K03307	1
Bin_12_scaffold_21_c1_276	Bin_12	K00826	1
Bin_12_scaffold_21_c1_277	Bin_12	K01423	1
Bin_12_scaffold_21_c1_278	Bin_12	K15633	1
Bin_12_scaffold_21_c1_28	Bin_12	K01183	1
Bin_12_scaffold_21_c1_282	Bin_12	K01265	1
Bin_12_scaffold_21_c1_285	Bin_12	K03734	1
Bin_56_scaffold_00017_1_B56_G1_Idunnarchaeota.fna_1_3	Bin_56	K19156	1
Bin_56_scaffold_00017_1_B56_G1_Idunnarchaeota.fna_1_5	Bin_56	K01552	2
Bin_56_scaffold_00017_1_B56_G1_Idunnarchaeota.fna_1_6	Bin_56	K16924	1
Bin_56_scaffold_00017_1_B56_G1_Idunnarchaeota.fna_1_7	Bin_56	K16785	2
Bin_56_scaffold_00017_1_B56_G1_Idunnarchaeota.fna_1_8	Bin_56	K10725	2
Bin_56_scaffold_00017_1_B56_G1_Idunnarchaeota.fna_1_10	Bin_56	K10848	2
Bin_56_scaffold_00017_1_B56_G1_Idunnarchaeota.fna_1_12	Bin_56	K16785	2
Bin_56_scaffold_00017_1_B56_G1_Idunnarchaeota.fna_1_13	Bin_56	K01552	2
Bin_56_scaffold_00017_1_B56_G1_Idunnarchaeota.fna_1_16	Bin_56	K09741	1
Bin_56_scaffold_00017_1_B56_G1_Idunnarchaeota.fna_1_18	Bin_56	K02921	1
Bin_56_scaffold_00017_1_B56_G1_Idunnarchaeota.fna_1_19	Bin_56	K12589	1
Bin_56_scaffold_00017_1_B56_G1_Idunnarchaeota.fna_1_20	Bin_56	K11600	1
Bin_56_scaffold_00017_1_B56_G1_Idunnarchaeota.fna_1_21	Bin_56	K03679	1
Bin_56_scaffold_00017_1_B56_G1_Idunnarchaeota.fna_1_22	Bin_56	K14574	1
Bin_56_scaffold_00017_1_B56_G1_Idunnarchaeota.fna_1_23	Bin_56	K03432	1
Bin_56_scaffold_00017_1_B56_G1_Idunnarchaeota.fna_1_24	Bin_56	K03537	1
Bin_56_scaffold_00017_1_B56_G1_Idunnarchaeota.fna_1_25	Bin_56	K03539	1
Bin_56_scaffold_00017_1_B56_G1_Idunnarchaeota.fna_1_26	Bin_56	K07581	1
Bin_56_scaffold_00017_1_B56_G1_Idunnarchaeota.fna_1_27	Bin_56	K02877	1
Bin_56_scaffold_00017_1_B56_G1_Idunnarchaeota.fna_1_28	Bin_56	K00058	1
Bin_56_scaffold_00017_1_B56_G1_Idunnarchaeota.fna_1_31	Bin_56	K23144	1
Bin_56_scaffold_00017_1_B56_G1_Idunnarchaeota.fna_1_33	Bin_56	K02984	1
Bin_56_scaffold_00017_1_B56_G1_Idunnarchaeota.fna_1_35	Bin_56	K07462	2
Bin_56_scaffold_00017_1_B56_G1_Idunnarchaeota.fna_1_36	Bin_56	K02956	1
Bin_56_scaffold_00017_1_B56_G1_Idunnarchaeota.fna_1_38	Bin_56	K08851	1
Bin_56_scaffold_00017_1_B56_G1_Idunnarchaeota.fna_1_39	Bin_56	K01409	1
Bin_56_scaffold_00017_1_B56_G1_Idunnarchaeota.fna_1_41	Bin_56	K02974	1
Bin_56_scaffold_00017_1_B56_G1_Idunnarchaeota.fna_1_42	Bin_56	K03050	1
Bin_56_scaffold_00017_1_B56_G1_Idunnarchaeota.fna_1_43	Bin_56	K03049	1
Bin_56_scaffold_00017_1_B56_G1_Idunnarchaeota.fna_1_44	Bin_56	K07158	1
Bin_56_scaffold_00017_1_B56_G1_Idunnarchaeota.fna_1_45	Bin_56	K03242	1
Bin_56_scaffold_00017_1_B56_G1_Idunnarchaeota.fna_1_46	Bin_56	K02991	1
Bin_56_scaffold_00017_1_B56_G1_Idunnarchaeota.fna_1_47	Bin_56	K03243	1
Bin_56_scaffold_00017_1_B56_G1_Idunnarchaeota.fna_1_49	Bin_56	K02896	1
Bin_56_scaffold_00017_1_B56_G1_Idunnarchaeota.fna_1_50	Bin_56	K02979	1
Bin_56_scaffold_00017_1_B56_G1_Idunnarchaeota.fna_1_51	Bin_56	K02936	1
Bin_56_scaffold_00017_1_B56_G1_Idunnarchaeota.fna_1_52	Bin_56	K01823	1
Bin_56_scaffold_00017_1_B56_G1_Idunnarchaeota.fna_1_53	Bin_56	K06981	1
Bin_56_scaffold_00017_1_B56_G1_Idunnarchaeota.fna_1_54	Bin_56	K00869	1
Bin_56_scaffold_00017_1_B56_G1_Idunnarchaeota.fna_1_55	Bin_56	K06990	1
Bin_56_scaffold_00017_1_B56_G1_Idunnarchaeota.fna_1_56	Bin_56	K02967	1
Bin_56_scaffold_00017_1_B56_G1_Idunnarchaeota.fna_1_57	Bin_56	K01689	1
Bin_56_scaffold_00017_1_B56_G1_Idunnarchaeota.fna_1_58	Bin_56	K03058	1
Bin_56_scaffold_00017_1_B56_G1_Idunnarchaeota.fna_1_59	Bin_56	K02996	1
Bin_56_scaffold_00017_1_B56_G1_Idunnarchaeota.fna_1_60	Bin_56	K02871	1
Bin_56_scaffold_00017_1_B56_G1_Idunnarchaeota.fna_1_61	Bin_56	K02883	1
Bin_56_scaffold_00017_1_B56_G1_Idunnarchaeota.fna_1_62	Bin_56	K03047	1
Bin_56_scaffold_00017_1_B56_G1_Idunnarchaeota.fna_1_63	Bin_56	K02948	1
Bin_56_scaffold_00017_1_B56_G1_Idunnarchaeota.fna_1_64	Bin_56	K02986	1
Bin_56_scaffold_00017_1_B56_G1_Idunnarchaeota.fna_1_65	Bin_56	K02952	1
Bin_56_scaffold_00017_1_B56_G1_Idunnarchaeota.fna_1_69	Bin_56	K04759	3
Bin_56_scaffold_00017_1_B56_G1_Idunnarchaeota.fna_1_71	Bin_56	K11131	1
Bin_56_scaffold_00017_1_B56_G1_Idunnarchaeota.fna_1_73	Bin_56	K02875	1
Bin_56_scaffold_00017_1_B56_G1_Idunnarchaeota.fna_1_74	Bin_56	K00945	1
Bin_56_scaffold_00017_1_B56_G1_Idunnarchaeota.fna_1_77	Bin_56	K10956	1
Bin_56_scaffold_00017_1_B56_G1_Idunnarchaeota.fna_1_77	Bin_56	K03076	1
Bin_56_scaffold_00017_1_B56_G1_Idunnarchaeota.fna_1_78	Bin_56	K02876	1
Bin_56_scaffold_00017_1_B56_G1_Idunnarchaeota.fna_1_79	Bin_56	K02907	1
Bin_56_scaffold_00017_1_B56_G1_Idunnarchaeota.fna_1_80	Bin_56	K02988	1
Bin_56_scaffold_00017_1_B56_G1_Idunnarchaeota.fna_1_82	Bin_56	K02885	1
Bin_56_scaffold_00017_1_B56_G1_Idunnarchaeota.fna_1_83	Bin_56	K02912	1
Bin_56_scaffold_00017_1_B56_G1_Idunnarchaeota.fna_1_84	Bin_56	K02933	1
Bin_56_scaffold_00017_1_B56_G1_Idunnarchaeota.fna_1_85	Bin_56	K02994	1
Bin_56_scaffold_00017_1_B56_G1_Idunnarchaeota.fna_1_87	Bin_56	K02931	1
Bin_56_scaffold_00017_1_B56_G1_Idunnarchaeota.fna_1_88	Bin_56	K02987	1
Bin_56_scaffold_00017_1_B56_G1_Idunnarchaeota.fna_1_89	Bin_56	K02895	1
Bin_56_scaffold_00017_1_B56_G1_Idunnarchaeota.fna_1_90	Bin_56	K02874	1
Bin_56_scaffold_00017_1_B56_G1_Idunnarchaeota.fna_1_91	Bin_56	K02961	1
Bin_56_scaffold_00017_1_B56_G1_Idunnarchaeota.fna_1_92	Bin_56	K03538	1
Bin_56_scaffold_00017_1_B56_G1_Idunnarchaeota.fna_1_93	Bin_56	K02904	1
Bin_56_scaffold_00017_1_B56_G1_Idunnarchaeota.fna_1_94	Bin_56	K02982	1
Bin_56_scaffold_00017_1_B56_G1_Idunnarchaeota.fna_1_95	Bin_56	K02890	1
Bin_56_scaffold_00017_1_B56_G1_Idunnarchaeota.fna_1_96	Bin_56	K02965	1
Bin_56_scaffold_00017_1_B56_G1_Idunnarchaeota.fna_1_98	Bin_56	K02892	1
Bin_56_scaffold_00017_1_B56_G1_Idunnarchaeota.fna_1_99	Bin_56	K02930	1
Bin_56_scaffold_00017_1_B56_G1_Idunnarchaeota.fna_1_100	Bin_56	K02906	1
Bin_56_scaffold_00017_1_B56_G1_Idunnarchaeota.fna_1_101	Bin_56	K09142	1
Bin_56_scaffold_00017_1_B56_G1_Idunnarchaeota.fna_1_103	Bin_56	K03231	1
Bin_56_scaffold_00017_1_B56_G1_Idunnarchaeota.fna_1_104	Bin_56	K02992	1
Bin_56_scaffold_00017_1_B56_G1_Idunnarchaeota.fna_1_105	Bin_56	K02950	1
Bin_56_scaffold_00017_1_B56_G1_Idunnarchaeota.fna_1_106	Bin_56	K02600	1
Bin_56_scaffold_00017_1_B56_G1_Idunnarchaeota.fna_1_107	Bin_56	K02908	1
Bin_56_scaffold_00017_1_B56_G1_Idunnarchaeota.fna_1_109	Bin_56	K03041	1
Bin_56_scaffold_00017_1_B56_G1_Idunnarchaeota.fna_1_111	Bin_56	K03053	1
Bin_56_scaffold_00017_1_B56_G1_Idunnarchaeota.fna_1_112	Bin_56	K17105	1
Bin_56_scaffold_00017_1_B56_G1_Idunnarchaeota.fna_1_115	Bin_56	K01892	1
Bin_56_scaffold_00017_1_B56_G1_Idunnarchaeota.fna_1_115	Bin_56	K02502	1
Bin_56_scaffold_00017_1_B56_G1_Idunnarchaeota.fna_1_116	Bin_56	K00927	1
Bin_56_scaffold_00027_2_B56_G1_Idunnarchaeota.fna_2_3	Bin_56	K00763	1
Bin_56_scaffold_00027_2_B56_G1_Idunnarchaeota.fna_2_6	Bin_56	K06982	1
Bin_56_scaffold_00027_2_B56_G1_Idunnarchaeota.fna_2_7	Bin_56	K09722	1
Bin_56_scaffold_00027_2_B56_G1_Idunnarchaeota.fna_2_8	Bin_56	K13831	1
Bin_56_scaffold_00027_2_B56_G1_Idunnarchaeota.fna_2_8	Bin_56	K08093	2
Bin_56_scaffold_00027_2_B56_G1_Idunnarchaeota.fna_2_8	Bin_56	K10218	1
Bin_56_scaffold_00027_2_B56_G1_Idunnarchaeota.fna_2_9	Bin_56	K00077	1
Bin_56_scaffold_00027_2_B56_G1_Idunnarchaeota.fna_2_10	Bin_56	K13038	1
Bin_56_scaffold_00027_2_B56_G1_Idunnarchaeota.fna_2_12	Bin_56	K17884	1
Bin_56_scaffold_00027_2_B56_G1_Idunnarchaeota.fna_2_14	Bin_56	K04566	1
Bin_56_scaffold_00027_2_B56_G1_Idunnarchaeota.fna_2_15	Bin_56	K02976	1
Bin_56_scaffold_00027_2_B56_G1_Idunnarchaeota.fna_2_17	Bin_56	K15635	1
Bin_56_scaffold_00027_2_B56_G1_Idunnarchaeota.fna_2_19	Bin_56	K03120	1
Bin_56_scaffold_00027_2_B56_G1_Idunnarchaeota.fna_2_20	Bin_56	K00762	1
Bin_56_scaffold_00027_2_B56_G1_Idunnarchaeota.fna_2_21	Bin_56	K03789	1
Bin_56_scaffold_00027_2_B56_G1_Idunnarchaeota.fna_2_23	Bin_56	K22447	2
Bin_56_scaffold_00027_2_B56_G1_Idunnarchaeota.fna_2_25	Bin_56	K09143	1
Bin_56_scaffold_00027_2_B56_G1_Idunnarchaeota.fna_2_29	Bin_56	K03622	1
Bin_56_scaffold_00027_2_B56_G1_Idunnarchaeota.fna_2_35	Bin_56	K02319	2
Bin_56_scaffold_00027_2_B56_G1_Idunnarchaeota.fna_2_36	Bin_56	K03738	1
Bin_56_scaffold_00027_2_B56_G1_Idunnarchaeota.fna_2_36	Bin_56	K08093	2
Bin_56_scaffold_00027_2_B56_G1_Idunnarchaeota.fna_2_37	Bin_56	K01867	1
Bin_56_scaffold_00027_2_B56_G1_Idunnarchaeota.fna_2_38	Bin_56	K03424	1
Bin_56_scaffold_00027_2_B56_G1_Idunnarchaeota.fna_2_40	Bin_56	K00150	1
Bin_56_scaffold_00027_2_B56_G1_Idunnarchaeota.fna_2_42	Bin_56	K14088	1
Bin_56_scaffold_00027_2_B56_G1_Idunnarchaeota.fna_2_42	Bin_56	K18023	1
Bin_56_scaffold_00027_2_B56_G1_Idunnarchaeota.fna_2_45	Bin_56	K14090	1
Bin_56_scaffold_00027_2_B56_G1_Idunnarchaeota.fna_2_51	Bin_56	K00341	1
Bin_56_scaffold_00027_2_B56_G1_Idunnarchaeota.fna_2_52	Bin_56	K05568	1
Bin_56_scaffold_00027_2_B56_G1_Idunnarchaeota.fna_2_53	Bin_56	K02123	1
Bin_56_scaffold_00027_2_B56_G1_Idunnarchaeota.fna_2_57	Bin_56	K02124	1
Bin_56_scaffold_00027_2_B56_G1_Idunnarchaeota.fna_2_58	Bin_56	K07442	1
Bin_56_scaffold_00027_2_B56_G1_Idunnarchaeota.fna_2_59	Bin_56	K02019	1
Bin_56_scaffold_00027_2_B56_G1_Idunnarchaeota.fna_2_60	Bin_56	K03592	1
Bin_56_scaffold_00027_2_B56_G1_Idunnarchaeota.fna_2_61	Bin_56	K03568	1
Bin_56_scaffold_00027_2_B56_G1_Idunnarchaeota.fna_2_63	Bin_56	K10848	2
Bin_56_scaffold_00027_2_B56_G1_Idunnarchaeota.fna_2_65	Bin_56	K09120	1
Bin_56_scaffold_00027_2_B56_G1_Idunnarchaeota.fna_2_66	Bin_56	K02004	3
Bin_56_scaffold_00049_3_B56_G1_Idunnarchaeota.fna_3_2	Bin_56	K08482	1
Bin_56_scaffold_00049_3_B56_G1_Idunnarchaeota.fna_3_3	Bin_56	K20608	1
Bin_56_scaffold_00049_3_B56_G1_Idunnarchaeota.fna_3_7	Bin_56	K09141	1
Bin_56_scaffold_00049_3_B56_G1_Idunnarchaeota.fna_3_8	Bin_56	K09122	1
Bin_56_scaffold_00049_3_B56_G1_Idunnarchaeota.fna_3_11	Bin_56	K07182	1
Bin_56_scaffold_00049_3_B56_G1_Idunnarchaeota.fna_3_13	Bin_56	K04483	1
Bin_56_scaffold_00049_3_B56_G1_Idunnarchaeota.fna_3_14	Bin_56	K03665	1
Bin_56_scaffold_00049_3_B56_G1_Idunnarchaeota.fna_3_17	Bin_56	K07503	1
Bin_56_scaffold_00049_3_B56_G1_Idunnarchaeota.fna_3_19	Bin_56	K01494	1
Bin_56_scaffold_00049_3_B56_G1_Idunnarchaeota.fna_3_20	Bin_56	K04796	1
Bin_56_scaffold_00049_3_B56_G1_Idunnarchaeota.fna_3_23	Bin_56	K01937	1
Bin_56_scaffold_00049_3_B56_G1_Idunnarchaeota.fna_3_24	Bin_56	K07179	1
Bin_56_scaffold_00049_3_B56_G1_Idunnarchaeota.fna_3_25	Bin_56	K09150	1
Bin_56_scaffold_00049_3_B56_G1_Idunnarchaeota.fna_3_27	Bin_56	K01939	1
Bin_56_scaffold_00049_3_B56_G1_Idunnarchaeota.fna_3_29	Bin_56	K03330	1
Bin_56_scaffold_00049_3_B56_G1_Idunnarchaeota.fna_3_30	Bin_56	K09482	1
Bin_56_scaffold_00049_3_B56_G1_Idunnarchaeota.fna_3_30	Bin_56	K01424	1
Bin_56_scaffold_00049_3_B56_G1_Idunnarchaeota.fna_3_31	Bin_56	K07739	1
Bin_56_scaffold_00049_3_B56_G1_Idunnarchaeota.fna_3_33	Bin_56	K02823	1
Bin_56_scaffold_00049_3_B56_G1_Idunnarchaeota.fna_3_34	Bin_56	K17828	1
Bin_56_scaffold_00049_3_B56_G1_Idunnarchaeota.fna_3_36	Bin_56	K04795	1
Bin_56_scaffold_00049_3_B56_G1_Idunnarchaeota.fna_3_38	Bin_56	K00555	1
Bin_56_scaffold_00049_3_B56_G1_Idunnarchaeota.fna_3_39	Bin_56	K06928	1
Bin_56_scaffold_00049_3_B56_G1_Idunnarchaeota.fna_3_40	Bin_56	K03470	1
Bin_56_scaffold_00049_3_B56_G1_Idunnarchaeota.fna_3_43	Bin_56	K03124	1
Bin_56_scaffold_00049_3_B56_G1_Idunnarchaeota.fna_3_44	Bin_56	K07569	1
Bin_56_scaffold_00049_3_B56_G1_Idunnarchaeota.fna_3_45	Bin_56	K02995	1
Bin_56_scaffold_00049_3_B56_G1_Idunnarchaeota.fna_3_46	Bin_56	K03105	1
Bin_56_scaffold_00049_3_B56_G1_Idunnarchaeota.fna_3_47	Bin_56	K16874	1
Bin_56_scaffold_00049_3_B56_G1_Idunnarchaeota.fna_3_48	Bin_56	K08975	1
Bin_56_scaffold_00049_3_B56_G1_Idunnarchaeota.fna_3_49	Bin_56	K15888	1
Bin_56_scaffold_00049_3_B56_G1_Idunnarchaeota.fna_3_52	Bin_56	K22224	1
Bin_56_scaffold_00049_3_B56_G1_Idunnarchaeota.fna_3_53	Bin_56	K24104	1
Bin_56_scaffold_00049_3_B56_G1_Idunnarchaeota.fna_3_54	Bin_56	K07558	1
Bin_56_scaffold_00049_3_B56_G1_Idunnarchaeota.fna_3_55	Bin_56	K01975	1
Bin_56_scaffold_00049_3_B56_G1_Idunnarchaeota.fna_3_56	Bin_56	K09736	1
Bin_56_scaffold_00049_3_B56_G1_Idunnarchaeota.fna_3_59	Bin_56	K00784	1
Bin_56_scaffold_00049_3_B56_G1_Idunnarchaeota.fna_3_60	Bin_56	K07446	1
Bin_56_scaffold_00049_3_B56_G1_Idunnarchaeota.fna_3_61	Bin_56	K00948	1
Bin_56_scaffold_00049_3_B56_G1_Idunnarchaeota.fna_3_62	Bin_56	K04069	3
Bin_56_scaffold_00049_3_B56_G1_Idunnarchaeota.fna_3_63	Bin_56	K04070	1
Bin_56_scaffold_00063_4_B56_G1_Idunnarchaeota.fna_4_2	Bin_56	K06951	1
Bin_56_scaffold_00063_4_B56_G1_Idunnarchaeota.fna_4_7	Bin_56	K02032	2
Bin_56_scaffold_00063_4_B56_G1_Idunnarchaeota.fna_4_8	Bin_56	K02031	1
Bin_56_scaffold_00063_4_B56_G1_Idunnarchaeota.fna_4_8	Bin_56	K02032	2
Bin_56_scaffold_00063_4_B56_G1_Idunnarchaeota.fna_4_9	Bin_56	K02034	1
Bin_56_scaffold_00063_4_B56_G1_Idunnarchaeota.fna_4_10	Bin_56	K02033	1
Bin_56_scaffold_00063_4_B56_G1_Idunnarchaeota.fna_4_11	Bin_56	K02035	1
Bin_56_scaffold_00063_4_B56_G1_Idunnarchaeota.fna_4_16	Bin_56	K06927	1
Bin_56_scaffold_00063_4_B56_G1_Idunnarchaeota.fna_4_16	Bin_56	K01953	1
Bin_56_scaffold_00063_4_B56_G1_Idunnarchaeota.fna_4_18	Bin_56	K05595	1
Bin_56_scaffold_00063_4_B56_G1_Idunnarchaeota.fna_4_23	Bin_56	K04759	3
Bin_56_scaffold_00063_4_B56_G1_Idunnarchaeota.fna_4_24	Bin_56	K04759	3
Bin_56_scaffold_00063_4_B56_G1_Idunnarchaeota.fna_4_25	Bin_56	K04758	2
Bin_56_scaffold_00063_4_B56_G1_Idunnarchaeota.fna_4_26	Bin_56	K04758	2
Bin_56_scaffold_00063_4_B56_G1_Idunnarchaeota.fna_4_29	Bin_56	K19175	1
Bin_56_scaffold_00063_4_B56_G1_Idunnarchaeota.fna_4_29	Bin_56	K06915	2
Bin_56_scaffold_00063_4_B56_G1_Idunnarchaeota.fna_4_30	Bin_56	K09735	1
Bin_56_scaffold_00063_4_B56_G1_Idunnarchaeota.fna_4_30	Bin_56	K15450	1
Bin_56_scaffold_00063_4_B56_G1_Idunnarchaeota.fna_4_31	Bin_56	K01974	1
Bin_56_scaffold_00063_4_B56_G1_Idunnarchaeota.fna_4_32	Bin_56	K09116	1
Bin_56_scaffold_00063_4_B56_G1_Idunnarchaeota.fna_4_35	Bin_56	K04069	3
Bin_56_scaffold_00063_4_B56_G1_Idunnarchaeota.fna_4_36	Bin_56	K21947	1
Bin_56_scaffold_00063_4_B56_G1_Idunnarchaeota.fna_4_37	Bin_56	K10947	1
Bin_56_scaffold_00063_4_B56_G1_Idunnarchaeota.fna_4_38	Bin_56	K22227	1
Bin_56_scaffold_00078_5_B56_G1_Idunnarchaeota.fna_5_2	Bin_56	K03166	1
Bin_56_scaffold_00078_5_B56_G1_Idunnarchaeota.fna_5_3	Bin_56	K03167	1
Bin_56_scaffold_00078_5_B56_G1_Idunnarchaeota.fna_5_4	Bin_56	K06961	1
Bin_56_scaffold_00078_5_B56_G1_Idunnarchaeota.fna_5_5	Bin_56	K07178	1
Bin_56_scaffold_00078_5_B56_G1_Idunnarchaeota.fna_5_6	Bin_56	K03236	1
Bin_56_scaffold_00078_5_B56_G1_Idunnarchaeota.fna_5_7	Bin_56	K03238	1
Bin_56_scaffold_00078_5_B56_G1_Idunnarchaeota.fna_5_8	Bin_56	K03106	1
Bin_56_scaffold_00078_5_B56_G1_Idunnarchaeota.fna_5_9	Bin_56	K07583	1
Bin_56_scaffold_00078_5_B56_G1_Idunnarchaeota.fna_5_10	Bin_56	K02889	1
Bin_56_scaffold_00078_5_B56_G1_Idunnarchaeota.fna_5_11	Bin_56	K03051	1
Bin_56_scaffold_00078_5_B56_G1_Idunnarchaeota.fna_5_12	Bin_56	K07572	1
Bin_56_scaffold_00078_5_B56_G1_Idunnarchaeota.fna_5_14	Bin_56	K02866	1
Bin_56_scaffold_00078_5_B56_G1_Idunnarchaeota.fna_5_16	Bin_56	K07573	1
Bin_56_scaffold_00078_5_B56_G1_Idunnarchaeota.fna_5_18	Bin_56	K03057	1
Bin_56_scaffold_00078_5_B56_G1_Idunnarchaeota.fna_5_19	Bin_56	K04802	1
Bin_56_scaffold_00078_5_B56_G1_Idunnarchaeota.fna_5_20	Bin_56	K18882	1
Bin_56_scaffold_00078_5_B56_G1_Idunnarchaeota.fna_5_21	Bin_56	K02683	1
Bin_56_scaffold_00078_5_B56_G1_Idunnarchaeota.fna_5_22	Bin_56	K09723	1
Bin_56_scaffold_00078_5_B56_G1_Idunnarchaeota.fna_5_23	Bin_56	K02929	1
Bin_56_scaffold_00078_5_B56_G1_Idunnarchaeota.fna_5_24	Bin_56	K02978	1
Bin_56_scaffold_00078_5_B56_G1_Idunnarchaeota.fna_5_26	Bin_56	K11130	1
Bin_56_scaffold_00078_5_B56_G1_Idunnarchaeota.fna_5_27	Bin_56	K07151	1
Bin_56_scaffold_00078_5_B56_G1_Idunnarchaeota.fna_5_28	Bin_56	K02437	1
Bin_56_scaffold_00078_5_B56_G1_Idunnarchaeota.fna_5_29	Bin_56	K00605	1
Bin_56_scaffold_00078_5_B56_G1_Idunnarchaeota.fna_5_32	Bin_56	K03168	1
Bin_56_scaffold_00078_5_B56_G1_Idunnarchaeota.fna_5_35	Bin_56	K08979	1
Bin_56_scaffold_00078_5_B56_G1_Idunnarchaeota.fna_5_36	Bin_56	K09481	1
Bin_56_scaffold_00078_5_B56_G1_Idunnarchaeota.fna_5_37	Bin_56	K00170	1
Bin_56_scaffold_00078_5_B56_G1_Idunnarchaeota.fna_5_38	Bin_56	K00169	1
Bin_56_scaffold_00078_5_B56_G1_Idunnarchaeota.fna_5_39	Bin_56	K00171	1
Bin_56_scaffold_00078_5_B56_G1_Idunnarchaeota.fna_5_40	Bin_56	K00172	1
Bin_56_scaffold_00078_5_B56_G1_Idunnarchaeota.fna_5_41	Bin_56	K00600	1
Bin_56_scaffold_00078_5_B56_G1_Idunnarchaeota.fna_5_45	Bin_56	K17104	1
Bin_56_scaffold_00078_5_B56_G1_Idunnarchaeota.fna_5_46	Bin_56	K02911	1
Bin_56_scaffold_00078_5_B56_G1_Idunnarchaeota.fna_5_47	Bin_56	K00179	1
Bin_56_scaffold_00078_5_B56_G1_Idunnarchaeota.fna_5_48	Bin_56	K00180	1
Bin_56_scaffold_00078_5_B56_G1_Idunnarchaeota.fna_5_49	Bin_56	K10725	2
Bin_56_scaffold_00078_5_B56_G1_Idunnarchaeota.fna_5_51	Bin_56	K02323	1
Bin_56_scaffold_00078_5_B56_G1_Idunnarchaeota.fna_5_52	Bin_56	K00757	1
Bin_56_scaffold_00078_5_B56_G1_Idunnarchaeota.fna_5_53	Bin_56	K09721	1
Bin_56_scaffold_00078_5_B56_G1_Idunnarchaeota.fna_5_54	Bin_56	K07143	1
Bin_56_scaffold_00091_6_B56_G1_Idunnarchaeota.fna_6_2	Bin_56	K00266	1
Bin_56_scaffold_00091_6_B56_G1_Idunnarchaeota.fna_6_3	Bin_56	K00021	1
Bin_56_scaffold_00091_6_B56_G1_Idunnarchaeota.fna_6_4	Bin_56	K01251	1
Bin_56_scaffold_00091_6_B56_G1_Idunnarchaeota.fna_6_8	Bin_56	K01870	1
Bin_56_scaffold_00091_6_B56_G1_Idunnarchaeota.fna_6_10	Bin_56	K08094	1
Bin_56_scaffold_00091_6_B56_G1_Idunnarchaeota.fna_6_13	Bin_56	K01480	1
Bin_56_scaffold_00091_6_B56_G1_Idunnarchaeota.fna_6_16	Bin_56	K13280	1
Bin_56_scaffold_00091_6_B56_G1_Idunnarchaeota.fna_6_17	Bin_56	K07052	1
Bin_56_scaffold_00091_6_B56_G1_Idunnarchaeota.fna_6_21	Bin_56	K07254	1
Bin_56_scaffold_00091_6_B56_G1_Idunnarchaeota.fna_6_22	Bin_56	K00943	1
Bin_56_scaffold_00091_6_B56_G1_Idunnarchaeota.fna_6_27	Bin_56	K07472	1
Bin_56_scaffold_00091_6_B56_G1_Idunnarchaeota.fna_6_29	Bin_56	K06869	1
Bin_56_scaffold_00091_6_B56_G1_Idunnarchaeota.fna_6_32	Bin_56	K22206	1
Bin_56_scaffold_00091_6_B56_G1_Idunnarchaeota.fna_6_34	Bin_56	K09715	1
Bin_56_scaffold_00091_6_B56_G1_Idunnarchaeota.fna_6_35	Bin_56	K16318	1
Bin_56_scaffold_00091_6_B56_G1_Idunnarchaeota.fna_6_39	Bin_56	K08971	1
Bin_56_scaffold_00091_6_B56_G1_Idunnarchaeota.fna_6_40	Bin_56	K07038	1
Bin_56_scaffold_00091_6_B56_G1_Idunnarchaeota.fna_6_43	Bin_56	K01151	1
Bin_56_scaffold_00099_7_B56_G1_Idunnarchaeota.fna_7_2	Bin_56	K23370	1
Bin_56_scaffold_00099_7_B56_G1_Idunnarchaeota.fna_7_3	Bin_56	K02962	1
Bin_56_scaffold_00099_7_B56_G1_Idunnarchaeota.fna_7_4	Bin_56	K24450	1
Bin_56_scaffold_00099_7_B56_G1_Idunnarchaeota.fna_7_5	Bin_56	K22447	2
Bin_56_scaffold_00099_7_B56_G1_Idunnarchaeota.fna_7_11	Bin_56	K02004	3
Bin_56_scaffold_00099_7_B56_G1_Idunnarchaeota.fna_7_16	Bin_56	K02004	3
Bin_56_scaffold_00099_7_B56_G1_Idunnarchaeota.fna_7_18	Bin_56	K04656	1
Bin_56_scaffold_00099_7_B56_G1_Idunnarchaeota.fna_7_19	Bin_56	K04653	1
Bin_56_scaffold_00099_7_B56_G1_Idunnarchaeota.fna_7_20	Bin_56	K04655	1
Bin_56_scaffold_00099_7_B56_G1_Idunnarchaeota.fna_7_22	Bin_56	K02319	2
Bin_56_scaffold_00099_7_B56_G1_Idunnarchaeota.fna_7_24	Bin_56	K10747	2
Bin_56_scaffold_00099_7_B56_G1_Idunnarchaeota.fna_7_27	Bin_56	K02626	1
Bin_56_scaffold_00099_7_B56_G1_Idunnarchaeota.fna_7_28	Bin_56	K01887	1
Bin_56_scaffold_00099_7_B56_G1_Idunnarchaeota.fna_7_32	Bin_56	K15429	1
Bin_56_scaffold_00099_7_B56_G1_Idunnarchaeota.fna_7_38	Bin_56	K07462	2
Bin_56_scaffold_00099_7_B56_G1_Idunnarchaeota.fna_7_39	Bin_56	K09129	1
Bin_56_scaffold_00099_7_B56_G1_Idunnarchaeota.fna_7_42	Bin_56	K00772	1
Bin_56_scaffold_00099_7_B56_G1_Idunnarchaeota.fna_7_43	Bin_56	K01889	1
Bin_56_scaffold_00099_7_B56_G1_Idunnarchaeota.fna_7_44	Bin_56	K01890	1
Bin_56_scaffold_00115_8_B56_G1_Idunnarchaeota.fna_8_1	Bin_56	K00303	1
Bin_56_scaffold_00115_8_B56_G1_Idunnarchaeota.fna_8_5	Bin_56	K08289	1
Bin_56_scaffold_00115_8_B56_G1_Idunnarchaeota.fna_8_6	Bin_56	K01951	1
Bin_56_scaffold_00115_8_B56_G1_Idunnarchaeota.fna_8_9	Bin_56	K01945	1
Bin_56_scaffold_00115_8_B56_G1_Idunnarchaeota.fna_8_10	Bin_56	K04069	3
Bin_56_scaffold_00115_8_B56_G1_Idunnarchaeota.fna_8_13	Bin_56	K00764	2
Bin_56_scaffold_00115_8_B56_G1_Idunnarchaeota.fna_8_14	Bin_56	K00764	2
Bin_56_scaffold_00115_8_B56_G1_Idunnarchaeota.fna_8_15	Bin_56	K23269	1
Bin_56_scaffold_00115_8_B56_G1_Idunnarchaeota.fna_8_16	Bin_56	K23265	1
Bin_56_scaffold_00115_8_B56_G1_Idunnarchaeota.fna_8_17	Bin_56	K23264	1
Bin_56_scaffold_00115_8_B56_G1_Idunnarchaeota.fna_8_18	Bin_56	K01923	1
Bin_56_scaffold_00115_8_B56_G1_Idunnarchaeota.fna_8_19	Bin_56	K21162	1
Bin_56_scaffold_00115_8_B56_G1_Idunnarchaeota.fna_8_23	Bin_56	K13051	1
Bin_56_scaffold_00115_8_B56_G1_Idunnarchaeota.fna_8_24	Bin_56	K19664	1
Bin_56_scaffold_00115_8_B56_G1_Idunnarchaeota.fna_8_25	Bin_56	K00796	1
Bin_56_scaffold_00115_8_B56_G1_Idunnarchaeota.fna_8_28	Bin_56	K01439	1
Bin_56_scaffold_00115_8_B56_G1_Idunnarchaeota.fna_8_29	Bin_56	K09147	1
Bin_56_scaffold_00115_8_B56_G1_Idunnarchaeota.fna_8_30	Bin_56	K17830	1
Bin_56_scaffold_00115_8_B56_G1_Idunnarchaeota.fna_8_33	Bin_56	K07076	1
Bin_56_scaffold_00138_9_B56_G1_Idunnarchaeota.fna_9_6	Bin_56	K06915	2
Bin_56_scaffold_00138_9_B56_G1_Idunnarchaeota.fna_9_8	Bin_56	K01916	1
Bin_56_scaffold_00138_9_B56_G1_Idunnarchaeota.fna_9_9	Bin_56	K07244	1
Bin_56_scaffold_00138_9_B56_G1_Idunnarchaeota.fna_9_10	Bin_56	K06974	1
Bin_56_scaffold_00138_9_B56_G1_Idunnarchaeota.fna_9_15	Bin_56	K14168	1
Bin_56_scaffold_00138_9_B56_G1_Idunnarchaeota.fna_9_16	Bin_56	K03724	1
Bin_56_scaffold_00138_9_B56_G1_Idunnarchaeota.fna_9_17	Bin_56	K03799	1
Bin_56_scaffold_00138_9_B56_G1_Idunnarchaeota.fna_9_22	Bin_56	K19225	1
Bin_56_scaffold_00138_9_B56_G1_Idunnarchaeota.fna_9_23	Bin_56	K01619	1
Bin_56_scaffold_00138_9_B56_G1_Idunnarchaeota.fna_9_24	Bin_56	K10747	2
Bin_56_scaffold_00138_9_B56_G1_Idunnarchaeota.fna_9_26	Bin_56	K03465	1
Bin_56_scaffold_00138_9_B56_G1_Idunnarchaeota.fna_9_29	Bin_56	K07220	1
Bin_113_scaffold_06971_1_B113_G9_Idunnarchaeota.fna_1_2	Bin_113	K14656	1
Bin_113_scaffold_06971_1_B113_G9_Idunnarchaeota.fna_1_3	Bin_113	K07732	1
Bin_113_scaffold_06971_1_B113_G9_Idunnarchaeota.fna_1_6	Bin_113	K15449	1
Bin_113_scaffold_06971_1_B113_G9_Idunnarchaeota.fna_1_7	Bin_113	K03433	2
Bin_113_scaffold_06971_1_B113_G9_Idunnarchaeota.fna_1_8	Bin_113	K06943	1
Bin_113_scaffold_06971_1_B113_G9_Idunnarchaeota.fna_1_9	Bin_113	K00952	1
Bin_113_scaffold_06971_1_B113_G9_Idunnarchaeota.fna_1_10	Bin_113	K00830	1
Bin_113_scaffold_06971_1_B113_G9_Idunnarchaeota.fna_1_12	Bin_113	K09730	1
Bin_113_scaffold_06971_1_B113_G9_Idunnarchaeota.fna_1_13	Bin_113	K00096	1
Bin_113_scaffold_06971_1_B113_G9_Idunnarchaeota.fna_1_14	Bin_113	K03433	2
Bin_113_scaffold_17578_4_B113_G9_Idunnarchaeota.fna_4_3	Bin_113	K07725	1
Bin_113_scaffold_17578_4_B113_G9_Idunnarchaeota.fna_4_6	Bin_113	K03926	1
Bin_113_scaffold_17578_4_B113_G9_Idunnarchaeota.fna_4_8	Bin_113	K06983	1
Bin_113_scaffold_21389_5_B113_G9_Idunnarchaeota.fna_5_1	Bin_113	K02962	1
Bin_113_scaffold_21389_5_B113_G9_Idunnarchaeota.fna_5_2	Bin_113	K23370	1
Bin_113_scaffold_21389_5_B113_G9_Idunnarchaeota.fna_5_3	Bin_113	K07101	1
Bin_113_scaffold_21389_5_B113_G9_Idunnarchaeota.fna_5_3	Bin_113	K00769	1
Bin_113_scaffold_21389_5_B113_G9_Idunnarchaeota.fna_5_4	Bin_113	K09119	1
Bin_113_scaffold_21389_5_B113_G9_Idunnarchaeota.fna_5_5	Bin_113	K07566	1
Bin_113_scaffold_21389_5_B113_G9_Idunnarchaeota.fna_5_6	Bin_113	K02003	3
Bin_113_scaffold_21389_5_B113_G9_Idunnarchaeota.fna_5_8	Bin_113	K06174	2
Bin_113_scaffold_21955_6_B113_G9_Idunnarchaeota.fna_6_1	Bin_113	K00772	1
Bin_113_scaffold_21955_6_B113_G9_Idunnarchaeota.fna_6_3	Bin_113	K01889	1
Bin_113_scaffold_21955_6_B113_G9_Idunnarchaeota.fna_6_4	Bin_113	K01890	1
Bin_113_scaffold_22812_7_B113_G9_Idunnarchaeota.fna_7_4	Bin_113	K02923	1
Bin_113_scaffold_22812_7_B113_G9_Idunnarchaeota.fna_7_6	Bin_113	K01902	1
Bin_113_scaffold_22812_7_B113_G9_Idunnarchaeota.fna_7_7	Bin_113	K01903	1
Bin_113_scaffold_22948_8_B113_G9_Idunnarchaeota.fna_8_1	Bin_113	K10725	1
Bin_113_scaffold_22948_8_B113_G9_Idunnarchaeota.fna_8_3	Bin_113	K02323	1
Bin_113_scaffold_22948_8_B113_G9_Idunnarchaeota.fna_8_4	Bin_113	K00757	1
Bin_113_scaffold_22948_8_B113_G9_Idunnarchaeota.fna_8_5	Bin_113	K09721	1
Bin_113_scaffold_22948_8_B113_G9_Idunnarchaeota.fna_8_6	Bin_113	K07143	1
Bin_113_scaffold_22948_8_B113_G9_Idunnarchaeota.fna_8_7	Bin_113	K06885	1
Bin_113_scaffold_22951_9_B113_G9_Idunnarchaeota.fna_9_2	Bin_113	K07332	2
Bin_113_scaffold_24163_10_B113_G9_Idunnarchaeota.fna_10_3	Bin_113	K02121	1
Bin_113_scaffold_24163_10_B113_G9_Idunnarchaeota.fna_10_5	Bin_113	K00610	1
Bin_113_scaffold_24163_10_B113_G9_Idunnarchaeota.fna_10_6	Bin_113	K00609	1
Bin_113_scaffold_24163_10_B113_G9_Idunnarchaeota.fna_10_8	Bin_113	K00180	1
Bin_113_scaffold_27031_11_B113_G9_Idunnarchaeota.fna_11_1	Bin_113	K00948	1
Bin_113_scaffold_27031_11_B113_G9_Idunnarchaeota.fna_11_2	Bin_113	K04069	3
Bin_113_scaffold_27031_11_B113_G9_Idunnarchaeota.fna_11_3	Bin_113	K04070	1
Bin_113_scaffold_27031_11_B113_G9_Idunnarchaeota.fna_11_5	Bin_113	K01953	1
Bin_113_scaffold_27301_12_B113_G9_Idunnarchaeota.fna_12_2	Bin_113	K03726	1
Bin_113_scaffold_27457_13_B113_G9_Idunnarchaeota.fna_13_2	Bin_113	K10848	2
Bin_113_scaffold_27457_13_B113_G9_Idunnarchaeota.fna_13_4	Bin_113	K09120	1
Bin_113_scaffold_27508_14_B113_G9_Idunnarchaeota.fna_14_4	Bin_113	K20608	1
Bin_113_scaffold_27508_14_B113_G9_Idunnarchaeota.fna_14_5	Bin_113	K08482	1
Bin_113_scaffold_27860_15_B113_G9_Idunnarchaeota.fna_15_2	Bin_113	K06934	1
Bin_113_scaffold_27860_15_B113_G9_Idunnarchaeota.fna_15_5	Bin_113	K03457	1
Bin_113_scaffold_27860_15_B113_G9_Idunnarchaeota.fna_15_6	Bin_113	K21219	1
Bin_113_scaffold_27860_15_B113_G9_Idunnarchaeota.fna_15_6	Bin_113	K00941	1
Bin_113_scaffold_28731_16_B113_G9_Idunnarchaeota.fna_16_2	Bin_113	K02003	3
Bin_113_scaffold_28731_16_B113_G9_Idunnarchaeota.fna_16_4	Bin_113	K06953	1
Bin_113_scaffold_28731_16_B113_G9_Idunnarchaeota.fna_16_5	Bin_113	K07137	1
Bin_113_scaffold_28731_16_B113_G9_Idunnarchaeota.fna_16_6	Bin_113	K07731	1
Bin_113_scaffold_29538_17_B113_G9_Idunnarchaeota.fna_17_4	Bin_113	K01079	1
Bin_113_scaffold_29538_17_B113_G9_Idunnarchaeota.fna_17_5	Bin_113	K01883	1
Bin_113_scaffold_29766_18_B113_G9_Idunnarchaeota.fna_18_2	Bin_113	K01872	1
Bin_113_scaffold_29766_18_B113_G9_Idunnarchaeota.fna_18_2	Bin_113	K07050	1
Bin_113_scaffold_29766_18_B113_G9_Idunnarchaeota.fna_18_3	Bin_113	K02869	1
Bin_113_scaffold_29766_18_B113_G9_Idunnarchaeota.fna_18_4	Bin_113	K02864	1
Bin_113_scaffold_29766_18_B113_G9_Idunnarchaeota.fna_18_5	Bin_113	K02863	1
Bin_113_scaffold_30990_19_B113_G9_Idunnarchaeota.fna_19_2	Bin_113	K15429	1
Bin_113_scaffold_30990_19_B113_G9_Idunnarchaeota.fna_19_8	Bin_113	K07462	1
Bin_113_scaffold_31876_20_B113_G9_Idunnarchaeota.fna_20_2	Bin_113	K04796	2
Bin_113_scaffold_31876_20_B113_G9_Idunnarchaeota.fna_20_3	Bin_113	K01494	1
Bin_113_scaffold_31876_20_B113_G9_Idunnarchaeota.fna_20_5	Bin_113	K07503	1
Bin_113_scaffold_32366_21_B113_G9_Idunnarchaeota.fna_21_2	Bin_113	K00789	1
Bin_113_scaffold_32366_21_B113_G9_Idunnarchaeota.fna_21_4	Bin_113	K01868	1
Bin_113_scaffold_32791_22_B113_G9_Idunnarchaeota.fna_22_1	Bin_113	K12574	1
Bin_113_scaffold_32791_22_B113_G9_Idunnarchaeota.fna_22_2	Bin_113	K07129	1
Bin_113_scaffold_33309_23_B113_G9_Idunnarchaeota.fna_23_4	Bin_113	K01170	1
Bin_113_scaffold_33309_23_B113_G9_Idunnarchaeota.fna_23_5	Bin_113	K07220	2
Bin_113_scaffold_33309_23_B113_G9_Idunnarchaeota.fna_23_6	Bin_113	K01880	1
Bin_113_scaffold_33309_23_B113_G9_Idunnarchaeota.fna_23_7	Bin_113	K02003	3
Bin_113_scaffold_33564_24_B113_G9_Idunnarchaeota.fna_24_3	Bin_113	K18779	1
Bin_113_scaffold_36861_25_B113_G9_Idunnarchaeota.fna_25_1	Bin_113	K07098	1
Bin_113_scaffold_36861_25_B113_G9_Idunnarchaeota.fna_25_2	Bin_113	K09022	1
Bin_113_scaffold_36861_25_B113_G9_Idunnarchaeota.fna_25_4	Bin_113	K01607	1
Bin_113_scaffold_36861_25_B113_G9_Idunnarchaeota.fna_25_7	Bin_113	K04487	1
Bin_113_scaffold_37269_26_B113_G9_Idunnarchaeota.fna_26_2	Bin_113	K06153	1
Bin_113_scaffold_37269_26_B113_G9_Idunnarchaeota.fna_26_3	Bin_113	K12234	3
Bin_113_scaffold_39912_27_B113_G9_Idunnarchaeota.fna_27_2	Bin_113	K03547	1
Bin_113_scaffold_39912_27_B113_G9_Idunnarchaeota.fna_27_3	Bin_113	K06915	2
Bin_113_scaffold_40413_28_B113_G9_Idunnarchaeota.fna_28_2	Bin_113	K09150	1
Bin_113_scaffold_40413_28_B113_G9_Idunnarchaeota.fna_28_4	Bin_113	K01939	1
Bin_113_scaffold_40695_29_B113_G9_Idunnarchaeota.fna_29_4	Bin_113	K19710	1
Bin_113_scaffold_40695_29_B113_G9_Idunnarchaeota.fna_29_5	Bin_113	K06994	1
Bin_113_scaffold_41041_30_B113_G9_Idunnarchaeota.fna_30_1	Bin_113	K02004	3
Bin_113_scaffold_41041_30_B113_G9_Idunnarchaeota.fna_30_2	Bin_113	K17830	1
Bin_113_scaffold_41041_30_B113_G9_Idunnarchaeota.fna_30_4	Bin_113	K00809	1
Bin_113_scaffold_41205_31_B113_G9_Idunnarchaeota.fna_31_4	Bin_113	K22447	1
Bin_113_scaffold_41205_31_B113_G9_Idunnarchaeota.fna_31_5	Bin_113	K24450	1
Bin_113_scaffold_41688_32_B113_G9_Idunnarchaeota.fna_32_4	Bin_113	K04069	3
Bin_113_scaffold_42368_34_B113_G9_Idunnarchaeota.fna_34_2	Bin_113	K03789	1
Bin_113_scaffold_42368_34_B113_G9_Idunnarchaeota.fna_34_3	Bin_113	K00762	1
Bin_113_scaffold_42368_34_B113_G9_Idunnarchaeota.fna_34_4	Bin_113	K03120	1
Bin_113_scaffold_42873_35_B113_G9_Idunnarchaeota.fna_35_2	Bin_113	K01945	1
Bin_113_scaffold_42873_35_B113_G9_Idunnarchaeota.fna_35_3	Bin_113	K04069	3
Bin_113_scaffold_43649_36_B113_G9_Idunnarchaeota.fna_36_2	Bin_113	K03170	2
Bin_113_scaffold_45206_38_B113_G9_Idunnarchaeota.fna_38_1	Bin_113	K02966	1
Bin_113_scaffold_45206_38_B113_G9_Idunnarchaeota.fna_38_2	Bin_113	K09735	1
Bin_113_scaffold_45206_38_B113_G9_Idunnarchaeota.fna_38_3	Bin_113	K03050	1
Bin_113_scaffold_45206_38_B113_G9_Idunnarchaeota.fna_38_4	Bin_113	K07158	1
Bin_113_scaffold_45680_40_B113_G9_Idunnarchaeota.fna_40_3	Bin_113	K04795	1
Bin_113_scaffold_45680_40_B113_G9_Idunnarchaeota.fna_40_5	Bin_113	K17828	1
Bin_113_scaffold_45767_41_B113_G9_Idunnarchaeota.fna_41_1	Bin_113	K09903	1
Bin_113_scaffold_45767_41_B113_G9_Idunnarchaeota.fna_41_2	Bin_113	K03265	1
Bin_113_scaffold_45767_41_B113_G9_Idunnarchaeota.fna_41_5	Bin_113	K06897	1
Bin_113_scaffold_46213_42_B113_G9_Idunnarchaeota.fna_42_3	Bin_113	K07332	2
Bin_113_scaffold_49010_43_B113_G9_Idunnarchaeota.fna_43_2	Bin_113	K04801	1
Bin_113_scaffold_49167_44_B113_G9_Idunnarchaeota.fna_44_2	Bin_113	K00763	1
Bin_113_scaffold_49167_44_B113_G9_Idunnarchaeota.fna_44_5	Bin_113	K06982	1
Bin_113_scaffold_49167_44_B113_G9_Idunnarchaeota.fna_44_6	Bin_113	K09722	1
Bin_113_scaffold_49344_45_B113_G9_Idunnarchaeota.fna_45_3	Bin_113	K18678	1
Bin_113_scaffold_49344_45_B113_G9_Idunnarchaeota.fna_45_5	Bin_113	K18237	1
Bin_113_scaffold_50096_46_B113_G9_Idunnarchaeota.fna_46_3	Bin_113	K09143	1
Bin_113_scaffold_50675_47_B113_G9_Idunnarchaeota.fna_47_1	Bin_113	K02987	1
Bin_113_scaffold_50675_47_B113_G9_Idunnarchaeota.fna_47_2	Bin_113	K02931	1
Bin_113_scaffold_50675_47_B113_G9_Idunnarchaeota.fna_47_4	Bin_113	K02994	2
Bin_113_scaffold_50675_47_B113_G9_Idunnarchaeota.fna_47_5	Bin_113	K02912	2
Bin_113_scaffold_50675_47_B113_G9_Idunnarchaeota.fna_47_6	Bin_113	K02885	2
Bin_113_scaffold_50675_47_B113_G9_Idunnarchaeota.fna_47_7	Bin_113	K02881	1
Bin_113_scaffold_50675_47_B113_G9_Idunnarchaeota.fna_47_8	Bin_113	K02907	1
Bin_113_scaffold_50866_48_B113_G9_Idunnarchaeota.fna_48_2	Bin_113	K03053	1
Bin_113_scaffold_50896_49_B113_G9_Idunnarchaeota.fna_49_5	Bin_113	K18700	1
Bin_113_scaffold_51684_50_B113_G9_Idunnarchaeota.fna_50_3	Bin_113	K09726	2
Bin_113_scaffold_51948_51_B113_G9_Idunnarchaeota.fna_51_4	Bin_113	K03243	1
Bin_113_scaffold_51948_51_B113_G9_Idunnarchaeota.fna_51_5	Bin_113	K02896	1
Bin_113_scaffold_51948_51_B113_G9_Idunnarchaeota.fna_51_6	Bin_113	K02979	1
Bin_113_scaffold_52818_52_B113_G9_Idunnarchaeota.fna_52_3	Bin_113	K02319	1
Bin_113_scaffold_53535_53_B113_G9_Idunnarchaeota.fna_53_2	Bin_113	K17884	1
Bin_113_scaffold_53535_53_B113_G9_Idunnarchaeota.fna_53_4	Bin_113	K04566	1
Bin_113_scaffold_53535_53_B113_G9_Idunnarchaeota.fna_53_5	Bin_113	K02976	1
Bin_113_scaffold_54234_54_B113_G9_Idunnarchaeota.fna_54_1	Bin_113	K18882	2
Bin_113_scaffold_54234_54_B113_G9_Idunnarchaeota.fna_54_2	Bin_113	K04802	2
Bin_113_scaffold_54234_54_B113_G9_Idunnarchaeota.fna_54_3	Bin_113	K03057	2
Bin_113_scaffold_54234_54_B113_G9_Idunnarchaeota.fna_54_5	Bin_113	K07573	1
Bin_113_scaffold_54867_56_B113_G9_Idunnarchaeota.fna_56_2	Bin_113	K02031	1
Bin_113_scaffold_54867_56_B113_G9_Idunnarchaeota.fna_56_2	Bin_113	K02032	1
Bin_113_scaffold_54867_56_B113_G9_Idunnarchaeota.fna_56_3	Bin_113	K02034	1
Bin_113_scaffold_54867_56_B113_G9_Idunnarchaeota.fna_56_4	Bin_113	K02033	1
Bin_113_scaffold_55116_57_B113_G9_Idunnarchaeota.fna_57_1	Bin_113	K05772	1
Bin_113_scaffold_55116_57_B113_G9_Idunnarchaeota.fna_57_2	Bin_113	K03638	1
Bin_113_scaffold_55116_57_B113_G9_Idunnarchaeota.fna_57_3	Bin_113	K03637	1
Bin_113_scaffold_55116_57_B113_G9_Idunnarchaeota.fna_57_4	Bin_113	K03639	1
Bin_113_scaffold_55499_58_B113_G9_Idunnarchaeota.fna_58_4	Bin_113	K00945	1
Bin_113_scaffold_55499_58_B113_G9_Idunnarchaeota.fna_58_5	Bin_113	K02875	1
Bin_113_scaffold_55499_58_B113_G9_Idunnarchaeota.fna_58_7	Bin_113	K11131	1
Bin_113_scaffold_55499_58_B113_G9_Idunnarchaeota.fna_58_9	Bin_113	K04759	1
Bin_113_scaffold_55521_59_B113_G9_Idunnarchaeota.fna_59_2	Bin_113	K01990	2
Bin_113_scaffold_55521_59_B113_G9_Idunnarchaeota.fna_59_3	Bin_113	K10773	2
Bin_113_scaffold_56653_60_B113_G9_Idunnarchaeota.fna_60_3	Bin_113	K04655	1
Bin_113_scaffold_56653_60_B113_G9_Idunnarchaeota.fna_60_4	Bin_113	K04653	1
Bin_113_scaffold_56676_61_B113_G9_Idunnarchaeota.fna_61_3	Bin_113	K00600	1
Bin_113_scaffold_57251_62_B113_G9_Idunnarchaeota.fna_62_2	Bin_113	K02004	3
Bin_113_scaffold_57438_63_B113_G9_Idunnarchaeota.fna_63_2	Bin_113	K10848	2
Bin_113_scaffold_57438_63_B113_G9_Idunnarchaeota.fna_63_6	Bin_113	K09726	2
Bin_113_scaffold_57668_64_B113_G9_Idunnarchaeota.fna_64_2	Bin_113	K01873	1
Bin_113_scaffold_57840_65_B113_G9_Idunnarchaeota.fna_65_1	Bin_113	K03330	1
Bin_113_scaffold_57840_65_B113_G9_Idunnarchaeota.fna_65_2	Bin_113	K09482	1
Bin_113_scaffold_57840_65_B113_G9_Idunnarchaeota.fna_65_2	Bin_113	K01424	1
Bin_113_scaffold_57840_65_B113_G9_Idunnarchaeota.fna_65_3	Bin_113	K07739	1
Bin_113_scaffold_60313_66_B113_G9_Idunnarchaeota.fna_66_1	Bin_113	K00171	1
Bin_113_scaffold_60313_66_B113_G9_Idunnarchaeota.fna_66_2	Bin_113	K00169	1
Bin_113_scaffold_60313_66_B113_G9_Idunnarchaeota.fna_66_3	Bin_113	K00170	1
Bin_113_scaffold_60313_66_B113_G9_Idunnarchaeota.fna_66_4	Bin_113	K09481	1
Bin_113_scaffold_60662_67_B113_G9_Idunnarchaeota.fna_67_2	Bin_113	K06915	2
Bin_113_scaffold_62018_68_B113_G9_Idunnarchaeota.fna_68_4	Bin_113	K03622	1
Bin_113_scaffold_62071_69_B113_G9_Idunnarchaeota.fna_69_3	Bin_113	K13525	1
Bin_113_scaffold_62071_69_B113_G9_Idunnarchaeota.fna_69_4	Bin_113	K07580	1
Bin_113_scaffold_62338_70_B113_G9_Idunnarchaeota.fna_70_2	Bin_113	K00058	1
Bin_113_scaffold_63602_71_B113_G9_Idunnarchaeota.fna_71_1	Bin_113	K03124	1
Bin_113_scaffold_63602_71_B113_G9_Idunnarchaeota.fna_71_2	Bin_113	K07569	1
Bin_113_scaffold_63602_71_B113_G9_Idunnarchaeota.fna_71_3	Bin_113	K02995	1
Bin_113_scaffold_63602_71_B113_G9_Idunnarchaeota.fna_71_4	Bin_113	K03105	1
Bin_113_scaffold_63602_71_B113_G9_Idunnarchaeota.fna_71_5	Bin_113	K16874	1
Bin_113_scaffold_64142_73_B113_G9_Idunnarchaeota.fna_73_1	Bin_113	K01611	1
Bin_113_scaffold_64142_73_B113_G9_Idunnarchaeota.fna_73_2	Bin_113	K00797	1
Bin_113_scaffold_64142_73_B113_G9_Idunnarchaeota.fna_73_4	Bin_113	K06937	1
Bin_113_scaffold_64483_74_B113_G9_Idunnarchaeota.fna_74_1	Bin_113	K23997	1
Bin_113_scaffold_64483_74_B113_G9_Idunnarchaeota.fna_74_3	Bin_113	K09732	1
Bin_113_scaffold_65665_76_B113_G9_Idunnarchaeota.fna_76_1	Bin_113	K02437	1
Bin_113_scaffold_65665_76_B113_G9_Idunnarchaeota.fna_76_2	Bin_113	K07151	2
Bin_113_scaffold_65665_76_B113_G9_Idunnarchaeota.fna_76_3	Bin_113	K11130	2
Bin_113_scaffold_65665_76_B113_G9_Idunnarchaeota.fna_76_4	Bin_113	K03237	2
Bin_113_scaffold_66703_77_B113_G9_Idunnarchaeota.fna_77_4	Bin_113	K01622	1
Bin_113_scaffold_66703_77_B113_G9_Idunnarchaeota.fna_77_5	Bin_113	K06174	2
Bin_113_scaffold_66916_78_B113_G9_Idunnarchaeota.fna_78_3	Bin_113	K07317	1
Bin_113_scaffold_67648_79_B113_G9_Idunnarchaeota.fna_79_3	Bin_113	K09165	1
Bin_113_scaffold_67825_80_B113_G9_Idunnarchaeota.fna_80_2	Bin_113	K07483	1
Bin_113_scaffold_67825_80_B113_G9_Idunnarchaeota.fna_80_4	Bin_113	K06963	1
Bin_113_scaffold_67882_82_B113_G9_Idunnarchaeota.fna_82_1	Bin_113	K01470	1
Bin_113_scaffold_68618_84_B113_G9_Idunnarchaeota.fna_84_1	Bin_113	K00573	1
Bin_113_scaffold_68618_84_B113_G9_Idunnarchaeota.fna_84_2	Bin_113	K04799	1
Bin_113_scaffold_69745_85_B113_G9_Idunnarchaeota.fna_85_2	Bin_113	K04797	1
Bin_113_scaffold_69745_85_B113_G9_Idunnarchaeota.fna_85_3	Bin_113	K03110	1
Bin_113_scaffold_69745_85_B113_G9_Idunnarchaeota.fna_85_4	Bin_113	K00611	1
Bin_113_scaffold_69745_85_B113_G9_Idunnarchaeota.fna_85_5	Bin_113	K07342	1
Bin_113_scaffold_70259_86_B113_G9_Idunnarchaeota.fna_86_1	Bin_113	K03975	1
Bin_113_scaffold_70259_86_B113_G9_Idunnarchaeota.fna_86_2	Bin_113	K03709	2
Bin_113_scaffold_70871_88_B113_G9_Idunnarchaeota.fna_88_2	Bin_113	K07025	2
Bin_113_scaffold_70871_88_B113_G9_Idunnarchaeota.fna_88_3	Bin_113	K07025	2
Bin_113_scaffold_70871_88_B113_G9_Idunnarchaeota.fna_88_3	Bin_113	K01091	1
Bin_113_scaffold_70871_88_B113_G9_Idunnarchaeota.fna_88_5	Bin_113	K21636	1
Bin_113_scaffold_71010_89_B113_G9_Idunnarchaeota.fna_89_2	Bin_113	K09716	1
Bin_113_scaffold_71010_89_B113_G9_Idunnarchaeota.fna_89_4	Bin_113	K03574	1
Bin_113_scaffold_72122_90_B113_G9_Idunnarchaeota.fna_90_2	Bin_113	K07403	1
Bin_113_scaffold_72214_91_B113_G9_Idunnarchaeota.fna_91_3	Bin_113	K02994	2
Bin_113_scaffold_72214_91_B113_G9_Idunnarchaeota.fna_91_4	Bin_113	K02933	1
Bin_113_scaffold_72214_91_B113_G9_Idunnarchaeota.fna_91_5	Bin_113	K02912	2
Bin_113_scaffold_72214_91_B113_G9_Idunnarchaeota.fna_91_6	Bin_113	K02885	2
Bin_113_scaffold_73024_92_B113_G9_Idunnarchaeota.fna_92_2	Bin_113	K01923	1
Bin_113_scaffold_73024_92_B113_G9_Idunnarchaeota.fna_92_3	Bin_113	K23264	1
Bin_113_scaffold_73024_92_B113_G9_Idunnarchaeota.fna_92_4	Bin_113	K23265	1
Bin_113_scaffold_74480_94_B113_G9_Idunnarchaeota.fna_94_3	Bin_113	K06869	1
Bin_113_scaffold_74802_95_B113_G9_Idunnarchaeota.fna_95_2	Bin_113	K02004	3
Bin_113_scaffold_76347_96_B113_G9_Idunnarchaeota.fna_96_2	Bin_113	K07108	1
Bin_113_scaffold_76347_96_B113_G9_Idunnarchaeota.fna_96_3	Bin_113	K09013	1
Bin_113_scaffold_76347_96_B113_G9_Idunnarchaeota.fna_96_5	Bin_113	K01912	1
Bin_113_scaffold_76835_97_B113_G9_Idunnarchaeota.fna_97_1	Bin_113	K00796	1
Bin_113_scaffold_76835_97_B113_G9_Idunnarchaeota.fna_97_2	Bin_113	K19664	1
Bin_113_scaffold_76835_97_B113_G9_Idunnarchaeota.fna_97_3	Bin_113	K13051	1
Bin_113_scaffold_79053_99_B113_G9_Idunnarchaeota.fna_99_1	Bin_113	K09738	1
Bin_113_scaffold_79053_99_B113_G9_Idunnarchaeota.fna_99_2	Bin_113	K03325	1
Bin_113_scaffold_79053_99_B113_G9_Idunnarchaeota.fna_99_3	Bin_113	K00946	1
Bin_113_scaffold_79166_100_B113_G9_Idunnarchaeota.fna_100_3	Bin_113	K01251	1
Bin_113_scaffold_79166_100_B113_G9_Idunnarchaeota.fna_100_4	Bin_113	K00021	1
Bin_113_scaffold_80220_101_B113_G9_Idunnarchaeota.fna_101_4	Bin_113	K07013	1
Bin_113_scaffold_81137_103_B113_G9_Idunnarchaeota.fna_103_1	Bin_113	K06929	1
Bin_113_scaffold_81137_103_B113_G9_Idunnarchaeota.fna_103_2	Bin_113	K07096	1
Bin_113_scaffold_81137_103_B113_G9_Idunnarchaeota.fna_103_3	Bin_113	K01069	1
Bin_113_scaffold_81308_105_B113_G9_Idunnarchaeota.fna_105_1	Bin_113	K03170	2
Bin_113_scaffold_81567_106_B113_G9_Idunnarchaeota.fna_106_1	Bin_113	K07151	2
Bin_113_scaffold_81773_107_B113_G9_Idunnarchaeota.fna_107_3	Bin_113	K18855	1
Bin_113_scaffold_81773_107_B113_G9_Idunnarchaeota.fna_107_4	Bin_113	K22736	1
Bin_113_scaffold_81823_108_B113_G9_Idunnarchaeota.fna_108_4	Bin_113	K03973	1
Bin_113_scaffold_84647_110_B113_G9_Idunnarchaeota.fna_110_3	Bin_113	K00784	1
Bin_113_scaffold_84647_110_B113_G9_Idunnarchaeota.fna_110_4	Bin_113	K07446	1
Bin_113_scaffold_85748_113_B113_G9_Idunnarchaeota.fna_113_3	Bin_113	K17993	1
Bin_113_scaffold_85894_114_B113_G9_Idunnarchaeota.fna_114_2	Bin_113	K01990	2
Bin_113_scaffold_85894_114_B113_G9_Idunnarchaeota.fna_114_2	Bin_113	K10822	1
Bin_113_scaffold_85894_114_B113_G9_Idunnarchaeota.fna_114_3	Bin_113	K01992	1
Bin_113_scaffold_86451_115_B113_G9_Idunnarchaeota.fna_115_4	Bin_113	K03552	1
Bin_113_scaffold_86636_116_B113_G9_Idunnarchaeota.fna_116_2	Bin_113	K06990	1
Bin_113_scaffold_86636_116_B113_G9_Idunnarchaeota.fna_116_3	Bin_113	K00869	1
Bin_113_scaffold_86636_116_B113_G9_Idunnarchaeota.fna_116_4	Bin_113	K06981	1
Bin_113_scaffold_86743_117_B113_G9_Idunnarchaeota.fna_117_2	Bin_113	K03057	2
Bin_113_scaffold_86743_117_B113_G9_Idunnarchaeota.fna_117_3	Bin_113	K04802	2
Bin_113_scaffold_86743_117_B113_G9_Idunnarchaeota.fna_117_4	Bin_113	K18882	2
Bin_113_scaffold_86781_118_B113_G9_Idunnarchaeota.fna_118_2	Bin_113	K01867	1
Bin_113_scaffold_86781_118_B113_G9_Idunnarchaeota.fna_118_3	Bin_113	K03738	1
Bin_113_scaffold_86781_118_B113_G9_Idunnarchaeota.fna_118_3	Bin_113	K08093	1
Bin_113_scaffold_88372_120_B113_G9_Idunnarchaeota.fna_120_2	Bin_113	K00283	1
Bin_113_scaffold_88372_120_B113_G9_Idunnarchaeota.fna_120_3	Bin_113	K00282	1
Bin_113_scaffold_88526_121_B113_G9_Idunnarchaeota.fna_121_5	Bin_113	K00605	1
Bin_113_scaffold_88897_122_B113_G9_Idunnarchaeota.fna_122_1	Bin_113	K01874	1
Bin_113_scaffold_88897_122_B113_G9_Idunnarchaeota.fna_122_3	Bin_113	K01905	1
Bin_113_scaffold_89245_123_B113_G9_Idunnarchaeota.fna_123_2	Bin_113	K22469	1
Bin_113_scaffold_89251_124_B113_G9_Idunnarchaeota.fna_124_1	Bin_113	K06001	1
Bin_113_scaffold_89251_124_B113_G9_Idunnarchaeota.fna_124_2	Bin_113	K07103	1
Bin_113_scaffold_89488_127_B113_G9_Idunnarchaeota.fna_127_2	Bin_113	K06928	1
Bin_113_scaffold_91020_128_B113_G9_Idunnarchaeota.fna_128_3	Bin_113	K14088	1
Bin_113_scaffold_91020_128_B113_G9_Idunnarchaeota.fna_128_3	Bin_113	K18023	1
Bin_113_scaffold_91950_130_B113_G9_Idunnarchaeota.fna_130_3	Bin_113	K12234	3
Bin_113_scaffold_92257_131_B113_G9_Idunnarchaeota.fna_131_2	Bin_113	K03719	1
Bin_113_scaffold_92919_135_B113_G9_Idunnarchaeota.fna_135_1	Bin_113	K01893	1
Bin_113_scaffold_93247_136_B113_G9_Idunnarchaeota.fna_136_2	Bin_113	K22227	1
Bin_113_scaffold_93247_136_B113_G9_Idunnarchaeota.fna_136_3	Bin_113	K10947	1
Bin_113_scaffold_93880_138_B113_G9_Idunnarchaeota.fna_138_2	Bin_113	K22206	1
Bin_113_scaffold_93902_139_B113_G9_Idunnarchaeota.fna_139_2	Bin_113	K01754	1
Bin_113_scaffold_94073_140_B113_G9_Idunnarchaeota.fna_140_1	Bin_113	K18676	1
Bin_113_scaffold_94073_140_B113_G9_Idunnarchaeota.fna_140_2	Bin_113	K10773	2
Bin_113_scaffold_94073_140_B113_G9_Idunnarchaeota.fna_140_2	Bin_113	K07457	1
Bin_113_scaffold_94073_140_B113_G9_Idunnarchaeota.fna_140_3	Bin_113	K01507	1
Bin_113_scaffold_95039_142_B113_G9_Idunnarchaeota.fna_142_2	Bin_113	K03709	2
Bin_113_scaffold_95135_143_B113_G9_Idunnarchaeota.fna_143_1	Bin_113	K07407	1
Bin_113_scaffold_95202_144_B113_G9_Idunnarchaeota.fna_144_2	Bin_113	K06971	1
Bin_113_scaffold_95437_145_B113_G9_Idunnarchaeota.fna_145_1	Bin_113	K07333	1
Bin_113_scaffold_95437_145_B113_G9_Idunnarchaeota.fna_145_2	Bin_113	K08963	1
Bin_113_scaffold_95437_145_B113_G9_Idunnarchaeota.fna_145_3	Bin_113	K04654	1
Bin_113_scaffold_95620_146_B113_G9_Idunnarchaeota.fna_146_2	Bin_113	K03167	1
Bin_113_scaffold_95620_146_B113_G9_Idunnarchaeota.fna_146_3	Bin_113	K06961	1
Bin_113_scaffold_95649_147_B113_G9_Idunnarchaeota.fna_147_2	Bin_113	K11130	2
Bin_113_scaffold_95649_147_B113_G9_Idunnarchaeota.fna_147_3	Bin_113	K03237	2
Bin_113_scaffold_95649_147_B113_G9_Idunnarchaeota.fna_147_4	Bin_113	K02978	1
Bin_113_scaffold_95649_147_B113_G9_Idunnarchaeota.fna_147_5	Bin_113	K02929	1
Bin_113_scaffold_96670_148_B113_G9_Idunnarchaeota.fna_148_1	Bin_113	K04656	1
Bin_113_scaffold_96670_148_B113_G9_Idunnarchaeota.fna_148_1	Bin_113	K01512	1
Bin_113_scaffold_96670_148_B113_G9_Idunnarchaeota.fna_148_3	Bin_113	K07244	1
Bin_113_scaffold_97308_149_B113_G9_Idunnarchaeota.fna_149_4	Bin_113	K17105	1
Bin_113_scaffold_97447_150_B113_G9_Idunnarchaeota.fna_150_3	Bin_113	K07220	2
Bin_113_scaffold_97980_151_B113_G9_Idunnarchaeota.fna_151_1	Bin_113	K00927	1
Bin_113_scaffold_98153_152_B113_G9_Idunnarchaeota.fna_152_2	Bin_113	K03058	1
Bin_113_scaffold_98153_152_B113_G9_Idunnarchaeota.fna_152_3	Bin_113	K02996	1
Bin_113_scaffold_98153_152_B113_G9_Idunnarchaeota.fna_152_4	Bin_113	K02871	1
Bin_113_scaffold_98153_152_B113_G9_Idunnarchaeota.fna_152_5	Bin_113	K02883	1
Bin_113_scaffold_101058_153_B113_G9_Idunnarchaeota.fna_153_3	Bin_113	K12234	3
Bin_113_scaffold_101256_154_B113_G9_Idunnarchaeota.fna_154_2	Bin_113	K04796	2
Bin_113_scaffold_101256_154_B113_G9_Idunnarchaeota.fna_154_3	Bin_113	K02922	1
Bin_1_scaffold_22731_1	Bin_1	K00525	1
Bin_1_scaffold_22731_2	Bin_1	K01192	1
Bin_1_scaffold_22731_3	Bin_1	K01130	4
Bin_1_scaffold_22731_4	Bin_1	K01130	4
Bin_1_scaffold_22731_6	Bin_1	K02377	1
Bin_1_scaffold_22731_7	Bin_1	K01711	1
Bin_1_scaffold_22731_9	Bin_1	K02454	1
Bin_1_scaffold_22731_11	Bin_1	K02456	1
Bin_1_scaffold_22731_12	Bin_1	K02457	1
Bin_1_scaffold_22731_13	Bin_1	K02458	1
Bin_1_scaffold_22913_4	Bin_1	K12410	1
Bin_1_scaffold_22913_7	Bin_1	K07460	1
Bin_1_scaffold_22913_8	Bin_1	K03470	1
Bin_1_scaffold_22913_9	Bin_1	K01681	1
Bin_1_scaffold_22913_10	Bin_1	K07150	1
Bin_1_scaffold_22913_11	Bin_1	K16052	1
Bin_1_scaffold_22913_13	Bin_1	K03742	1
Bin_1_scaffold_22913_13	Bin_1	K03743	1
Bin_1_scaffold_25716_4	Bin_1	K03179	1
Bin_1_scaffold_25716_6	Bin_1	K09022	1
Bin_1_scaffold_25716_8	Bin_1	K14330	1
Bin_1_scaffold_25716_9	Bin_1	K02065	1
Bin_1_scaffold_25716_14	Bin_1	K01756	1
Bin_1_scaffold_27741_1	Bin_1	K02026	2
Bin_1_scaffold_27741_3	Bin_1	K01990	2
Bin_1_scaffold_27741_5	Bin_1	K01990	2
Bin_1_scaffold_27741_6	Bin_1	K00940	1
Bin_1_scaffold_27741_9	Bin_1	K07052	1
Bin_1_scaffold_27741_10	Bin_1	K04487	1
Bin_1_scaffold_27741_11	Bin_1	K03667	1
Bin_1_scaffold_30694_2	Bin_1	K00432	1
Bin_1_scaffold_30694_7	Bin_1	K02038	1
Bin_1_scaffold_30694_8	Bin_1	K02037	1
Bin_1_scaffold_30694_9	Bin_1	K02040	1
Bin_1_scaffold_30694_10	Bin_1	K00997	1
Bin_1_scaffold_30694_11	Bin_1	K21834	1
Bin_1_scaffold_31810_1	Bin_1	K01271	1
Bin_1_scaffold_31810_1	Bin_1	K01262	1
Bin_1_scaffold_31810_3	Bin_1	K03833	1
Bin_1_scaffold_31810_4	Bin_1	K01444	1
Bin_1_scaffold_31810_7	Bin_1	K16898	1
Bin_1_scaffold_33672_1	Bin_1	K02291	1
Bin_1_scaffold_34391_3	Bin_1	K07576	1
Bin_1_scaffold_34391_6	Bin_1	K04096	3
Bin_1_scaffold_35809_1	Bin_1	K00615	1
Bin_1_scaffold_35809_3	Bin_1	K01808	1
Bin_1_scaffold_35809_4	Bin_1	K00616	1
Bin_1_scaffold_35809_6	Bin_1	K08217	2
Bin_1_scaffold_35809_8	Bin_1	K02662	1
Bin_1_scaffold_36273_3	Bin_1	K03531	1
Bin_1_scaffold_36273_4	Bin_1	K03590	1
Bin_1_scaffold_36273_7	Bin_1	K03589	1
Bin_1_scaffold_36273_8	Bin_1	K01924	1
Bin_1_scaffold_36273_8	Bin_1	K01921	1
Bin_1_scaffold_36273_9	Bin_1	K02563	1
Bin_1_scaffold_36273_11	Bin_1	K01925	1
Bin_1_scaffold_37303_2	Bin_1	K03070	1
Bin_1_scaffold_37303_3	Bin_1	K00060	1
Bin_1_scaffold_37303_5	Bin_1	K02483	1
Bin_1_scaffold_37303_6	Bin_1	K08981	1
Bin_1_scaffold_37303_7	Bin_1	K09167	1
Bin_1_scaffold_37303_9	Bin_1	K01191	1
Bin_1_scaffold_37303_10	Bin_1	K04096	3
Bin_1_scaffold_37303_11	Bin_1	K01159	1
Bin_1_scaffold_37847_5	Bin_1	K17108	1
Bin_1_scaffold_37847_8	Bin_1	K01206	4
Bin_1_scaffold_37847_10	Bin_1	K01206	4
Bin_1_scaffold_38071_2	Bin_1	K21929	2
Bin_1_scaffold_38071_3	Bin_1	K19710	1
Bin_1_scaffold_38071_4	Bin_1	K22010	1
Bin_1_scaffold_38071_8	Bin_1	K22390	2
Bin_1_scaffold_38313_1	Bin_1	K03523	1
Bin_1_scaffold_38313_3	Bin_1	K10804	1
Bin_1_scaffold_38313_6	Bin_1	K06978	1
Bin_1_scaffold_38313_9	Bin_1	K09015	1
Bin_1_scaffold_38313_10	Bin_1	K09013	1
Bin_1_scaffold_38770_7	Bin_1	K00793	1
Bin_1_scaffold_38770_8	Bin_1	K03092	1
Bin_1_scaffold_38770_10	Bin_1	K14170	1
Bin_1_scaffold_38770_10	Bin_1	K04518	1
Bin_1_scaffold_38770_11	Bin_1	K18672	1
Bin_1_scaffold_38770_14	Bin_1	K00789	1
Bin_1_scaffold_38770_17	Bin_1	K01151	1
Bin_1_scaffold_39342_4	Bin_1	K03701	1
Bin_1_scaffold_39342_5	Bin_1	K09940	1
Bin_1_scaffold_39342_6	Bin_1	K01938	1
Bin_1_scaffold_40899_3	Bin_1	K22390	2
Bin_1_scaffold_40899_4	Bin_1	K01687	1
Bin_1_scaffold_40899_5	Bin_1	K01754	1
Bin_1_scaffold_40899_6	Bin_1	K00053	1
Bin_1_scaffold_40899_7	Bin_1	K01653	1
Bin_1_scaffold_40899_8	Bin_1	K01652	1
Bin_1_scaffold_41468_3	Bin_1	K01872	1
Bin_1_scaffold_41468_8	Bin_1	K02536	1
Bin_1_scaffold_41468_10	Bin_1	K06142	1
Bin_1_scaffold_41677_7	Bin_1	K11924	1
Bin_1_scaffold_41677_9	Bin_1	K01778	1
Bin_1_scaffold_41677_10	Bin_1	K14441	1
Bin_1_scaffold_41677_12	Bin_1	K03709	1
Bin_1_scaffold_41677_15	Bin_1	K02897	1
Bin_1_scaffold_42404_4	Bin_1	K00059	1
Bin_1_scaffold_42404_5	Bin_1	K00162	2
Bin_1_scaffold_42404_5	Bin_1	K21417	2
Bin_1_scaffold_42404_6	Bin_1	K00161	2
Bin_1_scaffold_42404_9	Bin_1	K00031	1
Bin_1_scaffold_43814_3	Bin_1	K00655	2
Bin_1_scaffold_43814_7	Bin_1	K00104	1
Bin_1_scaffold_43814_8	Bin_1	K00943	1
Bin_1_scaffold_44245_4	Bin_1	K03595	1
Bin_1_scaffold_44245_8	Bin_1	K06076	1
Bin_1_scaffold_44611_2	Bin_1	K23684	1
Bin_1_scaffold_44611_7	Bin_1	K01995	1
Bin_1_scaffold_44611_7	Bin_1	K10822	2
Bin_1_scaffold_44611_8	Bin_1	K01998	1
Bin_1_scaffold_44611_9	Bin_1	K01997	1
Bin_1_scaffold_44611_10	Bin_1	K01999	1
Bin_1_scaffold_44611_12	Bin_1	K21929	2
Bin_1_scaffold_46967_2	Bin_1	K01609	1
Bin_1_scaffold_46967_3	Bin_1	K00766	1
Bin_1_scaffold_46967_4	Bin_1	K00330	1
Bin_1_scaffold_46967_9	Bin_1	K00333	1
Bin_1_scaffold_46967_13	Bin_1	K24158	1
Bin_1_scaffold_47228_3	Bin_1	K01206	4
Bin_1_scaffold_47228_5	Bin_1	K15923	1
Bin_1_scaffold_47228_6	Bin_1	K01501	1
Bin_1_scaffold_48532_1	Bin_1	K07263	1
Bin_1_scaffold_48532_5	Bin_1	K00500	1
Bin_1_scaffold_48532_7	Bin_1	K12373	2
Bin_1_scaffold_50033_3	Bin_1	K10026	1
Bin_1_scaffold_50033_4	Bin_1	K06920	1
Bin_1_scaffold_50033_5	Bin_1	K00831	1
Bin_1_scaffold_50033_8	Bin_1	K07037	1
Bin_1_scaffold_50033_9	Bin_1	K07042	1
Bin_1_scaffold_50033_11	Bin_1	K03699	1
Bin_1_scaffold_50835_7	Bin_1	K01620	1
Bin_1_scaffold_50835_8	Bin_1	K07502	1
Bin_1_scaffold_50835_11	Bin_1	K02197	1
Bin_1_scaffold_52300_1	Bin_1	K01130	4
Bin_1_scaffold_52300_2	Bin_1	K01186	1
Bin_1_scaffold_52300_3	Bin_1	K07341	1
Bin_1_scaffold_53536_2	Bin_1	K07447	1
Bin_1_scaffold_53536_3	Bin_1	K07082	1
Bin_1_scaffold_53536_4	Bin_1	K07015	1
Bin_1_scaffold_53536_5	Bin_1	K00014	1
Bin_1_scaffold_53536_6	Bin_1	K07566	1
Bin_1_scaffold_53536_9	Bin_1	K01443	1
Bin_1_scaffold_53536_10	Bin_1	K04096	3
Bin_1_scaffold_54696_3	Bin_1	K06006	1
Bin_1_scaffold_54696_4	Bin_1	K02453	1
Bin_1_scaffold_54696_8	Bin_1	K02460	1
Bin_1_scaffold_54822_3	Bin_1	K00067	1
Bin_1_scaffold_54927_3	Bin_1	K01206	4
Bin_1_scaffold_54927_3	Bin_1	K16795	1
Bin_1_scaffold_56906_2	Bin_1	K07301	1
Bin_1_scaffold_56906_3	Bin_1	K01626	3
Bin_1_scaffold_56906_4	Bin_1	K01626	3
Bin_1_scaffold_56906_5	Bin_1	K01626	3
Bin_1_scaffold_56906_6	Bin_1	K01304	1
Bin_1_scaffold_56906_7	Bin_1	K03790	1
Bin_1_scaffold_57877_4	Bin_1	K00283	1
Bin_1_scaffold_57877_5	Bin_1	K00282	1
Bin_1_scaffold_57877_6	Bin_1	K02437	1
Bin_1_scaffold_57877_7	Bin_1	K00554	1
Bin_1_scaffold_57877_8	Bin_1	K02884	1
Bin_1_scaffold_57877_9	Bin_1	K03100	1
Bin_1_scaffold_59939_1	Bin_1	K07114	1
Bin_1_scaffold_59939_3	Bin_1	K10539	1
Bin_1_scaffold_59939_3	Bin_1	K02056	1
Bin_1_scaffold_59939_3	Bin_1	K10822	2
Bin_1_scaffold_59939_4	Bin_1	K10538	1
Bin_1_scaffold_59939_7	Bin_1	K06147	1
Bin_1_scaffold_61346_3	Bin_1	K00128	1
Bin_1_scaffold_61346_4	Bin_1	K01619	1
Bin_1_scaffold_61346_5	Bin_1	K04751	1
Bin_1_scaffold_61346_8	Bin_1	K01839	1
Bin_1_scaffold_62004_2	Bin_1	K00162	2
Bin_1_scaffold_62004_2	Bin_1	K21417	2
Bin_1_scaffold_62004_3	Bin_1	K00161	2
Bin_1_scaffold_62004_5	Bin_1	K00052	1
Bin_1_scaffold_62378_1	Bin_1	K18346	1
Bin_1_scaffold_62378_8	Bin_1	K03705	1
Bin_1_scaffold_62554_2	Bin_1	K01520	1
Bin_1_scaffold_62554_4	Bin_1	K01939	2
Bin_1_scaffold_62554_5	Bin_1	K01939	2
Bin_1_scaffold_63653_2	Bin_1	K02005	1
Bin_1_scaffold_63653_3	Bin_1	K02004	2
Bin_1_scaffold_63653_5	Bin_1	K06158	1
Bin_1_scaffold_64031_2	Bin_1	K03660	1
Bin_1_scaffold_64031_3	Bin_1	K01972	1
Bin_1_scaffold_65297_2	Bin_1	K01130	4
Bin_1_scaffold_65297_3	Bin_1	K01874	1
Bin_1_scaffold_65297_3	Bin_1	K06878	1
Bin_1_scaffold_65297_4	Bin_1	K03799	1
Bin_1_scaffold_65297_5	Bin_1	K01895	1
Bin_1_scaffold_65366_1	Bin_1	K16203	1
Bin_1_scaffold_65366_7	Bin_1	K07636	1
Bin_1_scaffold_65366_9	Bin_1	K15916	1
Bin_1_scaffold_65714_4	Bin_1	K01409	1
Bin_1_scaffold_67249_4	Bin_1	K00796	1
Bin_1_scaffold_67421_1	Bin_1	K03545	1
Bin_1_scaffold_67421_2	Bin_1	K07071	1
Bin_1_scaffold_67421_3	Bin_1	K03186	1
Bin_1_scaffold_67421_5	Bin_1	K02415	1
Bin_1_scaffold_67749_3	Bin_1	K00626	1
Bin_1_scaffold_67749_4	Bin_1	K18979	1
Bin_1_scaffold_69632_1	Bin_1	K03088	1
Bin_1_scaffold_69632_3	Bin_1	K02338	1
Bin_1_scaffold_69632_4	Bin_1	K00600	1
Bin_1_scaffold_69632_7	Bin_1	K02909	1
Bin_1_scaffold_69632_8	Bin_1	K01006	1
Bin_1_scaffold_70058_1	Bin_1	K00748	1
Bin_1_scaffold_70058_2	Bin_1	K00677	1
Bin_1_scaffold_70058_3	Bin_1	K02372	1
Bin_1_scaffold_70058_5	Bin_1	K06384	1
Bin_1_scaffold_70058_8	Bin_1	K07164	1
Bin_1_scaffold_70317_1	Bin_1	K01595	1
Bin_1_scaffold_70317_3	Bin_1	K13020	1
Bin_1_scaffold_71042_3	Bin_1	K19405	1
Bin_1_scaffold_71042_5	Bin_1	K00384	1
Bin_1_scaffold_71042_6	Bin_1	K20608	1
Bin_1_scaffold_71271_5	Bin_1	K00930	1
Bin_1_scaffold_71472_2	Bin_1	K19224	1
Bin_1_scaffold_71472_3	Bin_1	K16870	2
Bin_1_scaffold_71472_4	Bin_1	K16870	2
Bin_1_scaffold_71472_4	Bin_1	K20444	1
Bin_1_scaffold_71472_5	Bin_1	K18814	1
Bin_1_scaffold_75444_2	Bin_1	K00340	1
Bin_1_scaffold_75444_3	Bin_1	K00341	1
Bin_1_scaffold_75444_4	Bin_1	K00342	1
Bin_1_scaffold_75444_6	Bin_1	K00343	1
Bin_1_scaffold_76014_2	Bin_1	K03644	1
Bin_1_scaffold_76014_5	Bin_1	K04066	1
Bin_1_scaffold_76503_2	Bin_1	K02906	1
Bin_1_scaffold_76503_3	Bin_1	K02926	1
Bin_1_scaffold_76503_4	Bin_1	K02892	1
Bin_1_scaffold_76503_5	Bin_1	K02886	1
Bin_1_scaffold_76503_6	Bin_1	K02965	1
Bin_1_scaffold_76503_7	Bin_1	K02890	1
Bin_1_scaffold_76503_8	Bin_1	K02982	1
Bin_1_scaffold_76503_9	Bin_1	K02878	1
Bin_1_scaffold_76503_11	Bin_1	K02961	1
Bin_1_scaffold_76503_12	Bin_1	K02874	1
Bin_1_scaffold_76503_13	Bin_1	K02895	1
Bin_1_scaffold_76503_14	Bin_1	K02931	1
Bin_1_scaffold_76835_1	Bin_1	K03307	1
Bin_1_scaffold_76835_2	Bin_1	K01639	1
Bin_1_scaffold_76835_3	Bin_1	K01190	1
Bin_1_scaffold_77301_4	Bin_1	K02343	1
Bin_1_scaffold_77301_5	Bin_1	K09747	1
Bin_1_scaffold_77301_6	Bin_1	K06187	1
Bin_1_scaffold_77301_7	Bin_1	K01945	1
Bin_1_scaffold_77769_1	Bin_1	K08217	2
Bin_1_scaffold_78349_7	Bin_1	K03924	1
Bin_1_scaffold_78349_12	Bin_1	K04564	1
Bin_1_scaffold_78349_14	Bin_1	K01689	1
Bin_1_scaffold_78349_15	Bin_1	K00241	1
Bin_1_scaffold_78349_16	Bin_1	K01790	1
Bin_1_scaffold_78724_1	Bin_1	K00602	1
Bin_1_scaffold_78724_3	Bin_1	K03569	1
Bin_1_scaffold_78724_4	Bin_1	K03570	1
Bin_1_scaffold_78724_6	Bin_1	K00261	1
Bin_1_scaffold_79597_2	Bin_1	K06941	1
Bin_1_scaffold_79597_5	Bin_1	K00912	1
Bin_1_scaffold_79597_6	Bin_1	K02517	1
Bin_1_scaffold_81007_3	Bin_1	K07010	1
Bin_1_scaffold_81007_5	Bin_1	K01640	1
Bin_1_scaffold_81007_7	Bin_1	K19002	1
Bin_1_scaffold_81407_1	Bin_1	K17218	1
Bin_1_scaffold_82291_6	Bin_1	K17686	1
Bin_1_scaffold_82291_6	Bin_1	K01533	1
Bin_1_scaffold_82352_2	Bin_1	K06877	1
Bin_1_scaffold_82352_3	Bin_1	K03118	1
Bin_1_scaffold_83603_2	Bin_1	K06996	1
Bin_1_scaffold_84792_1	Bin_1	K01565	1
Bin_1_scaffold_84792_3	Bin_1	K12373	2
Bin_1_scaffold_84792_4	Bin_1	K02954	1
Bin_1_scaffold_84792_5	Bin_1	K02994	1
Bin_1_scaffold_84792_6	Bin_1	K02933	1
Bin_1_scaffold_86031_3	Bin_1	K03797	1
Bin_1_scaffold_86031_4	Bin_1	K02034	1
Bin_1_scaffold_86031_5	Bin_1	K02033	1
Bin_1_scaffold_86306_2	Bin_1	K13877	1
Bin_1_scaffold_86306_5	Bin_1	K03652	1
Bin_1_scaffold_86306_6	Bin_1	K09790	1
Bin_1_scaffold_86306_7	Bin_1	K02003	1
Bin_1_scaffold_86306_7	Bin_1	K09810	1
Bin_1_scaffold_86306_8	Bin_1	K02004	2
Bin_1_scaffold_86851_3	Bin_1	K02276	1
Bin_1_scaffold_86851_4	Bin_1	K02277	1
Bin_1_scaffold_86851_5	Bin_1	K00655	2
Bin_1_scaffold_86851_6	Bin_1	K11175	1
Bin_1_scaffold_88043_2	Bin_1	K02025	1
Bin_1_scaffold_88043_2	Bin_1	K02026	2
Bin_1_scaffold_88043_2	Bin_1	K10119	1
Bin_1_scaffold_88043_3	Bin_1	K10200	1
Bin_1_scaffold_88291_6	Bin_1	K02109	1
Bin_1_scaffold_88291_7	Bin_1	K02113	1
Bin_1_scaffold_88291_8	Bin_1	K02111	1
Bin_1_scaffold_88291_9	Bin_1	K02115	1
Bin_1_scaffold_88413_6	Bin_1	K00016	1
Bin_2_scaffold_5534_4	Bin_2	K18208	1
Bin_2_scaffold_5534_5	Bin_2	K03465	1
Bin_2_scaffold_5534_7	Bin_2	K01658	1
Bin_2_scaffold_5534_7	Bin_2	K01664	1
Bin_2_scaffold_5534_9	Bin_2	K19092	1
Bin_2_scaffold_5534_10	Bin_2	K06207	1
Bin_2_scaffold_5534_11	Bin_2	K03625	1
Bin_2_scaffold_5534_15	Bin_2	K06998	1
Bin_2_scaffold_5534_20	Bin_2	K10539	1
Bin_2_scaffold_5534_20	Bin_2	K02056	1
Bin_2_scaffold_5534_20	Bin_2	K10822	2
Bin_2_scaffold_5534_21	Bin_2	K10538	1
Bin_2_scaffold_5534_26	Bin_2	K06147	1
Bin_2_scaffold_5534_27	Bin_2	K00571	1
Bin_2_scaffold_5534_29	Bin_2	K00451	1
Bin_2_scaffold_5534_30	Bin_2	K02398	1
Bin_2_scaffold_5534_32	Bin_2	K03572	1
Bin_2_scaffold_5534_33	Bin_2	K01159	1
Bin_2_scaffold_5534_34	Bin_2	K04096	2
Bin_2_scaffold_12149_3	Bin_2	K22390	1
Bin_2_scaffold_12149_4	Bin_2	K01687	1
Bin_2_scaffold_12149_5	Bin_2	K01754	1
Bin_2_scaffold_12149_6	Bin_2	K00053	1
Bin_2_scaffold_12149_7	Bin_2	K01653	1
Bin_2_scaffold_12149_8	Bin_2	K01652	1
Bin_2_scaffold_12149_11	Bin_2	K06949	1
Bin_2_scaffold_12149_12	Bin_2	K11782	1
Bin_2_scaffold_12149_13	Bin_2	K00568	1
Bin_2_scaffold_12149_14	Bin_2	K00729	1
Bin_2_scaffold_12149_16	Bin_2	K02257	1
Bin_2_scaffold_12149_16	Bin_2	K02259	1
Bin_2_scaffold_12149_17	Bin_2	K23300	1
Bin_2_scaffold_15763_5	Bin_2	K01247	1
Bin_2_scaffold_15763_6	Bin_2	K01255	1
Bin_2_scaffold_15763_8	Bin_2	K14393	1
Bin_2_scaffold_15763_11	Bin_2	K07093	1
Bin_2_scaffold_20354_2	Bin_2	K02456	1
Bin_2_scaffold_20354_6	Bin_2	K02460	1
Bin_2_scaffold_20354_10	Bin_2	K02453	1
Bin_2_scaffold_20354_11	Bin_2	K06006	2
Bin_2_scaffold_20354_12	Bin_2	K06006	2
Bin_2_scaffold_22329_3	Bin_2	K00616	1
Bin_2_scaffold_22329_4	Bin_2	K01808	1
Bin_2_scaffold_22329_5	Bin_2	K00615	1
Bin_2_scaffold_22329_6	Bin_2	K00954	1
Bin_2_scaffold_22329_8	Bin_2	K06199	1
Bin_2_scaffold_22329_9	Bin_2	K01940	1
Bin_2_scaffold_22329_12	Bin_2	K01755	1
Bin_2_scaffold_22329_13	Bin_2	K01190	1
Bin_2_scaffold_22329_14	Bin_2	K01639	1
Bin_2_scaffold_22329_15	Bin_2	K03307	1
Bin_2_scaffold_22587_1	Bin_2	K02237	2
Bin_2_scaffold_22587_2	Bin_2	K07264	1
Bin_2_scaffold_22587_3	Bin_2	K09992	1
Bin_2_scaffold_22587_4	Bin_2	K12574	1
Bin_2_scaffold_22587_6	Bin_2	K00962	1
Bin_2_scaffold_22587_7	Bin_2	K02956	1
Bin_2_scaffold_22587_8	Bin_2	K00057	1
Bin_2_scaffold_22587_9	Bin_2	K00950	1
Bin_2_scaffold_25251_1	Bin_2	K01338	1
Bin_2_scaffold_25251_4	Bin_2	K06891	1
Bin_2_scaffold_25251_7	Bin_2	K03798	1
Bin_2_scaffold_25251_8	Bin_2	K04075	1
Bin_2_scaffold_25251_9	Bin_2	K06213	1
Bin_2_scaffold_25251_10	Bin_2	K03797	2
Bin_2_scaffold_26019_4	Bin_2	K00477	2
Bin_2_scaffold_26019_6	Bin_2	K01130	6
Bin_2_scaffold_26019_10	Bin_2	K19689	1
Bin_2_scaffold_26019_11	Bin_2	K01720	1
Bin_2_scaffold_26114_3	Bin_2	K01972	1
Bin_2_scaffold_26114_4	Bin_2	K03660	1
Bin_2_scaffold_26114_8	Bin_2	K18979	1
Bin_2_scaffold_26114_9	Bin_2	K01183	1
Bin_2_scaffold_26149_3	Bin_2	K01915	1
Bin_2_scaffold_26149_5	Bin_2	K03320	1
Bin_2_scaffold_26149_9	Bin_2	K11443	1
Bin_2_scaffold_26149_11	Bin_2	K17752	1
Bin_2_scaffold_26149_11	Bin_2	K05518	1
Bin_2_scaffold_27398_4	Bin_2	K00075	1
Bin_2_scaffold_27398_11	Bin_2	K01434	1
Bin_2_scaffold_28998_2	Bin_2	K08676	2
Bin_2_scaffold_28998_4	Bin_2	K01297	1
Bin_2_scaffold_28998_5	Bin_2	K06346	1
Bin_2_scaffold_28998_6	Bin_2	K03217	1
Bin_2_scaffold_28998_7	Bin_2	K08998	1
Bin_2_scaffold_28998_8	Bin_2	K01703	1
Bin_2_scaffold_29040_2	Bin_2	K03470	1
Bin_2_scaffold_29040_4	Bin_2	K07460	1
Bin_2_scaffold_29040_11	Bin_2	K01887	1
Bin_2_scaffold_29040_12	Bin_2	K02652	1
Bin_2_scaffold_29040_13	Bin_2	K02669	1
Bin_2_scaffold_29040_16	Bin_2	K02654	1
Bin_2_scaffold_29139_5	Bin_2	K18189	1
Bin_2_scaffold_29139_7	Bin_2	K09778	1
Bin_2_scaffold_29139_8	Bin_2	K03699	1
Bin_2_scaffold_29139_10	Bin_2	K07042	1
Bin_2_scaffold_29139_11	Bin_2	K07037	1
Bin_2_scaffold_29715_7	Bin_2	K22491	1
Bin_2_scaffold_29715_8	Bin_2	K09779	1
Bin_2_scaffold_29749_2	Bin_2	K16795	2
Bin_2_scaffold_29749_3	Bin_2	K16795	2
Bin_2_scaffold_29749_6	Bin_2	K13017	1
Bin_2_scaffold_29749_7	Bin_2	K08679	1
Bin_2_scaffold_29749_7	Bin_2	K01784	1
Bin_2_scaffold_29763_3	Bin_2	K18201	1
Bin_2_scaffold_29763_5	Bin_2	K01565	2
Bin_2_scaffold_29763_7	Bin_2	K01209	1
Bin_2_scaffold_30836_6	Bin_2	K07406	1
Bin_2_scaffold_31058_4	Bin_2	K02115	1
Bin_2_scaffold_31058_5	Bin_2	K02111	1
Bin_2_scaffold_31058_6	Bin_2	K02113	1
Bin_2_scaffold_31058_7	Bin_2	K02109	1
Bin_2_scaffold_31058_9	Bin_2	K02108	1
Bin_2_scaffold_31165_5	Bin_2	K03385	1
Bin_2_scaffold_31165_6	Bin_2	K15876	1
Bin_2_scaffold_32213_4	Bin_2	K00981	1
Bin_2_scaffold_32213_6	Bin_2	K09769	1
Bin_2_scaffold_32213_7	Bin_2	K18682	1
Bin_2_scaffold_32213_8	Bin_2	K03565	1
Bin_2_scaffold_32213_9	Bin_2	K03553	1
Bin_2_scaffold_32213_10	Bin_2	K02027	1
Bin_2_scaffold_32213_11	Bin_2	K18897	1
Bin_2_scaffold_32213_12	Bin_2	K04066	2
Bin_2_scaffold_33109_2	Bin_2	K00133	1
Bin_2_scaffold_33109_4	Bin_2	K00927	1
Bin_2_scaffold_33109_5	Bin_2	K13766	1
Bin_2_scaffold_33109_10	Bin_2	K00318	1
Bin_2_scaffold_33109_11	Bin_2	K05540	1
Bin_2_scaffold_33109_12	Bin_2	K03789	1
Bin_2_scaffold_33541_1	Bin_2	K01299	1
Bin_2_scaffold_33541_2	Bin_2	K01130	6
Bin_2_scaffold_33541_4	Bin_2	K01042	1
Bin_2_scaffold_33541_6	Bin_2	K03116	1
Bin_2_scaffold_33541_8	Bin_2	K07259	1
Bin_2_scaffold_33665_2	Bin_2	K16710	1
Bin_2_scaffold_33951_8	Bin_2	K03429	1
Bin_2_scaffold_33951_10	Bin_2	K03269	1
Bin_2_scaffold_33951_11	Bin_2	K07213	1
Bin_2_scaffold_33951_13	Bin_2	K00278	1
Bin_2_scaffold_35194_2	Bin_2	K12257	1
Bin_2_scaffold_35194_4	Bin_2	K00145	2
Bin_2_scaffold_35194_6	Bin_2	K00930	1
Bin_2_scaffold_35551_1	Bin_2	K01130	6
Bin_2_scaffold_35551_7	Bin_2	K07160	1
Bin_2_scaffold_35551_9	Bin_2	K01520	1
Bin_2_scaffold_35551_11	Bin_2	K01939	1
Bin_2_scaffold_35551_12	Bin_2	K00681	1
Bin_2_scaffold_35551_14	Bin_2	K14652	1
Bin_2_scaffold_35767_5	Bin_2	K03088	2
Bin_2_scaffold_35767_7	Bin_2	K01258	1
Bin_2_scaffold_35767_9	Bin_2	K01892	1
Bin_2_scaffold_37548_4	Bin_2	K11529	1
Bin_2_scaffold_37548_6	Bin_2	K01281	1
Bin_2_scaffold_38469_7	Bin_2	K07040	1
Bin_2_scaffold_38469_8	Bin_2	K03621	1
Bin_2_scaffold_38469_9	Bin_2	K00648	1
Bin_2_scaffold_38469_10	Bin_2	K06951	1
Bin_2_scaffold_39228_1	Bin_2	K03536	2
Bin_2_scaffold_39228_4	Bin_2	K00012	1
Bin_2_scaffold_39228_9	Bin_2	K01840	1
Bin_2_scaffold_39228_12	Bin_2	K00973	1
Bin_2_scaffold_39508_4	Bin_2	K07566	1
Bin_2_scaffold_39508_5	Bin_2	K00014	1
Bin_2_scaffold_39508_6	Bin_2	K07015	1
Bin_2_scaffold_39508_7	Bin_2	K07082	1
Bin_2_scaffold_40253_2	Bin_2	K01302	1
Bin_2_scaffold_40253_3	Bin_2	K03925	1
Bin_2_scaffold_40253_4	Bin_2	K03438	1
Bin_2_scaffold_40253_7	Bin_2	K01928	1
Bin_2_scaffold_40549_2	Bin_2	K01493	1
Bin_2_scaffold_40549_3	Bin_2	K02851	1
Bin_2_scaffold_40549_4	Bin_2	K06153	1
Bin_2_scaffold_40549_5	Bin_2	K01056	1
Bin_2_scaffold_43284_2	Bin_2	K11754	1
Bin_2_scaffold_43284_4	Bin_2	K15987	1
Bin_2_scaffold_43284_8	Bin_2	K03088	2
Bin_2_scaffold_43808_1	Bin_2	K04066	2
Bin_2_scaffold_43808_4	Bin_2	K03644	1
Bin_2_scaffold_44890_1	Bin_2	K01874	1
Bin_2_scaffold_44890_2	Bin_2	K03799	1
Bin_2_scaffold_44890_3	Bin_2	K02495	1
Bin_2_scaffold_44890_5	Bin_2	K00965	1
Bin_2_scaffold_44890_8	Bin_2	K02867	1
Bin_2_scaffold_46524_3	Bin_2	K01470	1
Bin_2_scaffold_46524_4	Bin_2	K02313	1
Bin_2_scaffold_46524_5	Bin_2	K00949	1
Bin_2_scaffold_46524_8	Bin_2	K01933	1
Bin_2_scaffold_46524_9	Bin_2	K03555	1
Bin_2_scaffold_49198_2	Bin_2	K03471	1
Bin_2_scaffold_49198_4	Bin_2	K02825	1
Bin_2_scaffold_49198_5	Bin_2	K00609	1
Bin_2_scaffold_49198_6	Bin_2	K01465	1
Bin_2_scaffold_49198_8	Bin_2	K13292	1
Bin_2_scaffold_49418_2	Bin_2	K00875	1
Bin_2_scaffold_49418_2	Bin_2	K14309	1
Bin_2_scaffold_50516_1	Bin_2	K06888	1
Bin_2_scaffold_50516_7	Bin_2	K11707	1
Bin_2_scaffold_50516_8	Bin_2	K11710	1
Bin_2_scaffold_50516_8	Bin_2	K09817	1
Bin_2_scaffold_51190_2	Bin_2	K00525	1
Bin_2_scaffold_51190_4	Bin_2	K01130	6
Bin_2_scaffold_51190_5	Bin_2	K01130	6
Bin_2_scaffold_51328_2	Bin_2	K05831	1
Bin_2_scaffold_51328_4	Bin_2	K05828	1
Bin_2_scaffold_51328_5	Bin_2	K05829	1
Bin_2_scaffold_51328_5	Bin_2	K00145	2
Bin_2_scaffold_51328_6	Bin_2	K05827	1
Bin_2_scaffold_51328_7	Bin_2	K05826	1
Bin_2_scaffold_53602_3	Bin_2	K15923	1
Bin_2_scaffold_54986_2	Bin_2	K04758	1
Bin_2_scaffold_54986_3	Bin_2	K04759	1
Bin_2_scaffold_54986_8	Bin_2	K13282	1
Bin_2_scaffold_55555_2	Bin_2	K12373	1
Bin_2_scaffold_55555_3	Bin_2	K02994	1
Bin_2_scaffold_55555_4	Bin_2	K02933	1
Bin_2_scaffold_55555_5	Bin_2	K02881	1
Bin_2_scaffold_55555_6	Bin_2	K02988	1
Bin_2_scaffold_55555_7	Bin_2	K02907	1
Bin_2_scaffold_55555_8	Bin_2	K02876	1
Bin_2_scaffold_55555_9	Bin_2	K03076	1
Bin_2_scaffold_56751_2	Bin_2	K04096	2
Bin_2_scaffold_56751_3	Bin_2	K01443	1
Bin_2_scaffold_56751_7	Bin_2	K07090	1
Bin_2_scaffold_58765_2	Bin_2	K03043	1
Bin_2_scaffold_58765_5	Bin_2	K01814	1
Bin_2_scaffold_58765_6	Bin_2	K02501	1
Bin_2_scaffold_60182_1	Bin_2	K21898	1
Bin_2_scaffold_61874_1	Bin_2	K01681	1
Bin_2_scaffold_61874_2	Bin_2	K01662	1
Bin_2_scaffold_61874_3	Bin_2	K08968	1
Bin_2_scaffold_61874_5	Bin_2	K03667	1
Bin_2_scaffold_62799_1	Bin_2	K02199	1
Bin_2_scaffold_62799_2	Bin_2	K21567	1
Bin_2_scaffold_62799_5	Bin_2	K03550	1
Bin_2_scaffold_62799_6	Bin_2	K03551	1
Bin_2_scaffold_62999_4	Bin_2	K10532	1
Bin_2_scaffold_62999_8	Bin_2	K09166	2
Bin_2_scaffold_62999_9	Bin_2	K09166	2
Bin_2_scaffold_63438_2	Bin_2	K02836	1
Bin_2_scaffold_63438_7	Bin_2	K13527	1
Bin_2_scaffold_64802_2	Bin_2	K03709	1
Bin_2_scaffold_64802_4	Bin_2	K02897	1
Bin_2_scaffold_64802_5	Bin_2	K01186	1
Bin_2_scaffold_64860_3	Bin_2	K08676	2
Bin_2_scaffold_64860_4	Bin_2	K06215	1
Bin_2_scaffold_64997_2	Bin_2	K01991	2
Bin_2_scaffold_64997_2	Bin_2	K02237	2
Bin_2_scaffold_64997_3	Bin_2	K02472	1
Bin_2_scaffold_64997_7	Bin_2	K03536	2
Bin_2_scaffold_66180_5	Bin_2	K03742	1
Bin_2_scaffold_67823_3	Bin_2	K20444	1
Bin_2_scaffold_68987_2	Bin_2	K02065	1
Bin_2_scaffold_68987_3	Bin_2	K14330	1
Bin_2_scaffold_68987_5	Bin_2	K09022	2
Bin_2_scaffold_68987_8	Bin_2	K03179	1
Bin_2_scaffold_69742_4	Bin_2	K01711	1
Bin_2_scaffold_69742_5	Bin_2	K02377	1
Bin_2_scaffold_70132_1	Bin_2	K01872	1
Bin_2_scaffold_70132_2	Bin_2	K06136	1
Bin_2_scaffold_70132_3	Bin_2	K11751	1
Bin_2_scaffold_70668_1	Bin_2	K01303	1
Bin_2_scaffold_70668_2	Bin_2	K14623	1
Bin_2_scaffold_70668_4	Bin_2	K06911	1
Bin_2_scaffold_71009_3	Bin_2	K01619	1
Bin_2_scaffold_71009_4	Bin_2	K00128	1
Bin_2_scaffold_71009_8	Bin_2	K02025	1
Bin_2_scaffold_71009_9	Bin_2	K02026	1
Bin_2_scaffold_71009_10	Bin_2	K03823	1
Bin_2_scaffold_71149_1	Bin_2	K03833	1
Bin_2_scaffold_71196_5	Bin_2	K04565	1
Bin_2_scaffold_71196_6	Bin_2	K07343	1
Bin_2_scaffold_71197_3	Bin_2	K01885	1
Bin_2_scaffold_71197_6	Bin_2	K02033	1
Bin_2_scaffold_71197_8	Bin_2	K03797	2
Bin_2_scaffold_71197_11	Bin_2	K01130	6
Bin_2_scaffold_71887_1	Bin_2	K03734	1
Bin_2_scaffold_71887_5	Bin_2	K03442	1
Bin_2_scaffold_71887_6	Bin_2	K13877	1
Bin_2_scaffold_72496_1	Bin_2	K00477	2
Bin_2_scaffold_72496_5	Bin_2	K04771	1
Bin_2_scaffold_73899_1	Bin_2	K07107	1
Bin_2_scaffold_73899_2	Bin_2	K02112	1
Bin_2_scaffold_73899_3	Bin_2	K02114	1
Bin_2_scaffold_73899_5	Bin_2	K00060	1
Bin_2_scaffold_74995_1	Bin_2	K01565	2
Bin_2_scaffold_74995_5	Bin_2	K01995	1
Bin_2_scaffold_74995_5	Bin_2	K10822	2
Bin_2_scaffold_74995_6	Bin_2	K01998	1
Bin_2_scaffold_76183_2	Bin_2	K08641	1
Bin_2_scaffold_76183_3	Bin_2	K01991	2
Bin_2_scaffold_76183_4	Bin_2	K03829	1
Bin_2_scaffold_76267_1	Bin_2	K05595	1
Bin_2_scaffold_76267_2	Bin_2	K03495	1
Bin_2_scaffold_76267_4	Bin_2	K00873	1
Bin_2_scaffold_76267_5	Bin_2	K08602	1
Bin_2_scaffold_78123_2	Bin_2	K09022	2
Bin_2_scaffold_78123_3	Bin_2	K03892	1
Bin_2_scaffold_78123_5	Bin_2	K01007	1
Bin_2_scaffold_78123_6	Bin_2	K19064	1
Bin_2_scaffold_78123_7	Bin_2	K03110	1
